Customer_ID,Customer_Name,Segment
AA-103151,"Alex Avila",Consumer
AA-103152,"Alex Avila",Consumer
AA-103153,"Alex Avila",Consumer
AA-103154,"Alex Avila",Consumer
AA-103751,"Allen Armold",Consumer
AA-103752,"Allen Armold",Consumer
AA-103753,"Allen Armold",Consumer
AA-103754,"Allen Armold",Consumer
AA-104801,"Andrew Allen",Consumer
AA-104802,"Andrew Allen",Consumer
AA-104803,"Andrew Allen",Consumer
AA-104804,"Andrew Allen",Consumer
AA-106451,"Anna Andreadi",Consumer
AA-106452,"Anna Andreadi",Consumer
AA-106453,"Anna Andreadi",Consumer
AA-106454,"Anna Andreadi",Consumer
AA-3151,"Alex Avila",Consumer
AA-3152,"Alex Avila",Consumer
AA-3751,"Allen Armold",Consumer
AA-3752,"Allen Armold",Consumer
AA-3753,"Allen Armold",Consumer
AA-4801,"Andrew Allen",Consumer
AA-4802,"Andrew Allen",Consumer
AA-4803,"Andrew Allen",Consumer
AA-6451,"Anna Andreadi",Consumer
AA-6452,"Anna Andreadi",Consumer
AB-100151,"Aaron Bergman",Consumer
AB-100152,"Aaron Bergman",Consumer
AB-100153,"Aaron Bergman",Consumer
AB-100154,"Aaron Bergman",Consumer
AB-100601,"Adam Bellavance","Home Office"
AB-100602,"Adam Bellavance","Home Office"
AB-100603,"Adam Bellavance","Home Office"
AB-100604,"Adam Bellavance","Home Office"
AB-101051,"Adrian Barton",Consumer
AB-101052,"Adrian Barton",Consumer
AB-101053,"Adrian Barton",Consumer
AB-101054,"Adrian Barton",Consumer
AB-101501,"Aimee Bixby",Consumer
AB-101502,"Aimee Bixby",Consumer
AB-101503,"Aimee Bixby",Consumer
AB-101504,"Aimee Bixby",Consumer
AB-101651,"Alan Barnes",Consumer
AB-101652,"Alan Barnes",Consumer
AB-101653,"Alan Barnes",Consumer
AB-101654,"Alan Barnes",Consumer
AB-102551,"Alejandro Ballentine","Home Office"
AB-102552,"Alejandro Ballentine","Home Office"
AB-102553,"Alejandro Ballentine","Home Office"
AB-102554,"Alejandro Ballentine","Home Office"
AB-1051,"Adrian Barton",Consumer
AB-1052,"Adrian Barton",Consumer
AB-1053,"Adrian Barton",Consumer
AB-106001,"Ann Blume",Corporate
AB-106002,"Ann Blume",Corporate
AB-106003,"Ann Blume",Corporate
AB-106004,"Ann Blume",Corporate
AB-1501,"Aimee Bixby",Consumer
AB-151,"Aaron Bergman",Consumer
AB-152,"Aaron Bergman",Consumer
AB-1651,"Alan Barnes",Consumer
AB-1652,"Alan Barnes",Consumer
AB-1653,"Alan Barnes",Consumer
AB-2551,"Alejandro Ballentine","Home Office"
AB-2552,"Alejandro Ballentine","Home Office"
AB-2553,"Alejandro Ballentine","Home Office"
AB-6001,"Ann Blume",Corporate
AB-6002,"Ann Blume",Corporate
AB-601,"Adam Bellavance","Home Office"
AB-602,"Adam Bellavance","Home Office"
AC-104201,"Alyssa Crouse",Corporate
AC-104202,"Alyssa Crouse",Corporate
AC-104203,"Alyssa Crouse",Corporate
AC-104204,"Alyssa Crouse",Corporate
AC-104501,"Amy Cox",Consumer
AC-104502,"Amy Cox",Consumer
AC-104503,"Amy Cox",Consumer
AC-104504,"Amy Cox",Consumer
AC-106151,"Ann Chong",Corporate
AC-106152,"Ann Chong",Corporate
AC-106153,"Ann Chong",Corporate
AC-106154,"Ann Chong",Corporate
AC-106601,"Anna Chung",Consumer
AC-106602,"Anna Chung",Consumer
AC-106603,"Anna Chung",Consumer
AC-106604,"Anna Chung",Consumer
AC-4201,"Alyssa Crouse",Corporate
AC-4202,"Alyssa Crouse",Corporate
AC-4501,"Amy Cox",Consumer
AC-4502,"Amy Cox",Consumer
AC-4503,"Amy Cox",Consumer
AC-6151,"Ann Chong",Corporate
AC-6152,"Ann Chong",Corporate
AC-6601,"Anna Chung",Consumer
AC-6602,"Anna Chung",Consumer
AD-101801,"Alan Dominguez","Home Office"
AD-101802,"Alan Dominguez","Home Office"
AD-101803,"Alan Dominguez","Home Office"
AD-101804,"Alan Dominguez","Home Office"
AD-1801,"Alan Dominguez","Home Office"
AD-1802,"Alan Dominguez","Home Office"
AF-108701,"Art Ferguson",Consumer
AF-108702,"Art Ferguson",Consumer
AF-108703,"Art Ferguson",Consumer
AF-108704,"Art Ferguson",Consumer
AF-108851,"Art Foster",Consumer
AF-108852,"Art Foster",Consumer
AF-108853,"Art Foster",Consumer
AF-108854,"Art Foster",Consumer
AF-8701,"Art Ferguson",Consumer
AF-8702,"Art Ferguson",Consumer
AF-8703,"Art Ferguson",Consumer
AF-8851,"Art Foster",Consumer
AF-8852,"Art Foster",Consumer
AG-102701,"Alejandro Grove",Consumer
AG-102702,"Alejandro Grove",Consumer
AG-102703,"Alejandro Grove",Consumer
AG-102704,"Alejandro Grove",Consumer
AG-103001,"Aleksandra Gannaway",Corporate
AG-103002,"Aleksandra Gannaway",Corporate
AG-103003,"Aleksandra Gannaway",Corporate
AG-103004,"Aleksandra Gannaway",Corporate
AG-103301,"Alex Grayson",Consumer
AG-103302,"Alex Grayson",Consumer
AG-103303,"Alex Grayson",Consumer
AG-103304,"Alex Grayson",Consumer
AG-103901,"Allen Goldenen",Consumer
AG-103902,"Allen Goldenen",Consumer
AG-103903,"Allen Goldenen",Consumer
AG-103904,"Allen Goldenen",Consumer
AG-104951,"Andrew Gjertsen",Corporate
AG-104952,"Andrew Gjertsen",Corporate
AG-104953,"Andrew Gjertsen",Corporate
AG-104954,"Andrew Gjertsen",Corporate
AG-105251,"Andy Gerbode",Corporate
AG-105252,"Andy Gerbode",Corporate
AG-105253,"Andy Gerbode",Corporate
AG-105254,"Andy Gerbode",Corporate
AG-106751,"Anna Gayman",Consumer
AG-106752,"Anna Gayman",Consumer
AG-106753,"Anna Gayman",Consumer
AG-106754,"Anna Gayman",Consumer
AG-107651,"Anthony Garverick","Home Office"
AG-107652,"Anthony Garverick","Home Office"
AG-107653,"Anthony Garverick","Home Office"
AG-107654,"Anthony Garverick","Home Office"
AG-109001,"Arthur Gainer",Consumer
AG-109002,"Arthur Gainer",Consumer
AG-109003,"Arthur Gainer",Consumer
AG-109004,"Arthur Gainer",Consumer
AG-2701,"Alejandro Grove",Consumer
AG-2702,"Alejandro Grove",Consumer
AG-2703,"Alejandro Grove",Consumer
AG-3001,"Aleksandra Gannaway",Corporate
AG-3002,"Aleksandra Gannaway",Corporate
AG-3301,"Alex Grayson",Consumer
AG-3302,"Alex Grayson",Consumer
AG-3901,"Allen Goldenen",Consumer
AG-3902,"Allen Goldenen",Consumer
AG-4951,"Andrew Gjertsen",Corporate
AG-4952,"Andrew Gjertsen",Corporate
AG-4953,"Andrew Gjertsen",Corporate
AG-5251,"Andy Gerbode",Corporate
AG-5252,"Andy Gerbode",Corporate
AG-6751,"Anna Gayman",Consumer
AG-6752,"Anna Gayman",Consumer
AG-7651,"Anthony Garverick","Home Office"
AG-7652,"Anthony Garverick","Home Office"
AG-9001,"Arthur Gainer",Consumer
AH-100301,"Aaron Hawkins",Corporate
AH-100302,"Aaron Hawkins",Corporate
AH-100303,"Aaron Hawkins",Corporate
AH-100304,"Aaron Hawkins",Corporate
AH-100751,"Adam Hart",Corporate
AH-100752,"Adam Hart",Corporate
AH-100753,"Adam Hart",Corporate
AH-100754,"Adam Hart",Corporate
AH-101201,"Adrian Hane","Home Office"
AH-101202,"Adrian Hane","Home Office"
AH-101203,"Adrian Hane","Home Office"
AH-101204,"Adrian Hane","Home Office"
AH-101951,"Alan Haines",Corporate
AH-101952,"Alan Haines",Corporate
AH-101953,"Alan Haines",Corporate
AH-101954,"Alan Haines",Corporate
AH-102101,"Alan Hwang",Consumer
AH-102102,"Alan Hwang",Consumer
AH-102103,"Alan Hwang",Consumer
AH-102104,"Alan Hwang",Consumer
AH-104651,"Amy Hunt",Consumer
AH-104652,"Amy Hunt",Consumer
AH-104653,"Amy Hunt",Consumer
AH-104654,"Amy Hunt",Consumer
AH-105851,"Angele Hood",Consumer
AH-105852,"Angele Hood",Consumer
AH-105853,"Angele Hood",Consumer
AH-105854,"Angele Hood",Consumer
AH-106901,"Anna Häberlin",Corporate
AH-106902,"Anna Häberlin",Corporate
AH-106903,"Anna Häberlin",Corporate
AH-106904,"Anna Häberlin",Corporate
AH-1201,"Adrian Hane","Home Office"
AH-1202,"Adrian Hane","Home Office"
AH-1951,"Alan Haines",Corporate
AH-1952,"Alan Haines",Corporate
AH-1953,"Alan Haines",Corporate
AH-2101,"Alan Hwang",Consumer
AH-2102,"Alan Hwang",Consumer
AH-301,"Aaron Hawkins",Corporate
AH-302,"Aaron Hawkins",Corporate
AH-4651,"Amy Hunt",Consumer
AH-4652,"Amy Hunt",Consumer
AH-5851,"Angele Hood",Consumer
AH-5852,"Angele Hood",Consumer
AH-6901,"Anna Häberlin",Corporate
AH-6902,"Anna Häberlin",Corporate
AH-751,"Adam Hart",Corporate
AH-752,"Adam Hart",Corporate
AH-753,"Adam Hart",Corporate
AI-108551,"Arianne Irving",Consumer
AI-108552,"Arianne Irving",Consumer
AI-108553,"Arianne Irving",Consumer
AI-108554,"Arianne Irving",Consumer
AI-8551,"Arianne Irving",Consumer
AI-8552,"Arianne Irving",Consumer
AJ-107801,"Anthony Jacobs",Corporate
AJ-107802,"Anthony Jacobs",Corporate
AJ-107803,"Anthony Jacobs",Corporate
AJ-107804,"Anthony Jacobs",Corporate
AJ-107951,"Anthony Johnson",Corporate
AJ-107952,"Anthony Johnson",Corporate
AJ-107953,"Anthony Johnson",Corporate
AJ-107954,"Anthony Johnson",Corporate
AJ-109451,"Ashley Jarboe",Consumer
AJ-109452,"Ashley Jarboe",Consumer
AJ-109453,"Ashley Jarboe",Consumer
AJ-109454,"Ashley Jarboe",Consumer
AJ-109601,"Astrea Jones",Consumer
AJ-109602,"Astrea Jones",Consumer
AJ-109603,"Astrea Jones",Consumer
AJ-109604,"Astrea Jones",Consumer
AJ-7801,"Anthony Jacobs",Corporate
AJ-7802,"Anthony Jacobs",Corporate
AJ-7803,"Anthony Jacobs",Corporate
AJ-7951,"Anthony Johnson",Corporate
AJ-7952,"Anthony Johnson",Corporate
AJ-9451,"Ashley Jarboe",Consumer
AJ-9452,"Ashley Jarboe",Consumer
AJ-9601,"Astrea Jones",Consumer
AJ-9602,"Astrea Jones",Consumer
AM-103601,"Alice McCarthy",Corporate
AM-103602,"Alice McCarthy",Corporate
AM-103603,"Alice McCarthy",Corporate
AM-103604,"Alice McCarthy",Corporate
AM-107051,"Anne McFarland",Consumer
AM-107052,"Anne McFarland",Consumer
AM-107053,"Anne McFarland",Consumer
AM-107054,"Anne McFarland",Consumer
AM-3601,"Alice McCarthy",Corporate
AM-3602,"Alice McCarthy",Corporate
AM-7051,"Anne McFarland",Consumer
AM-7052,"Anne McFarland",Consumer
AM-7053,"Anne McFarland",Consumer
AO-108101,"Anthony O'Donnell",Corporate
AO-108102,"Anthony O'Donnell",Corporate
AO-108103,"Anthony O'Donnell",Corporate
AO-108104,"Anthony O'Donnell",Corporate
AO-8101,"Anthony O'Donnell",Corporate
AO-8102,"Anthony O'Donnell",Corporate
AO-8103,"Anthony O'Donnell",Corporate
AP-107201,"Anne Pryor","Home Office"
AP-107202,"Anne Pryor","Home Office"
AP-107203,"Anne Pryor","Home Office"
AP-107204,"Anne Pryor","Home Office"
AP-109151,"Arthur Prichep",Consumer
AP-109152,"Arthur Prichep",Consumer
AP-109153,"Arthur Prichep",Consumer
AP-109154,"Arthur Prichep",Consumer
AP-7201,"Anne Pryor","Home Office"
AP-7202,"Anne Pryor","Home Office"
AP-9151,"Arthur Prichep",Consumer
AP-9152,"Arthur Prichep",Consumer
AR-103451,"Alex Russell",Corporate
AR-103452,"Alex Russell",Corporate
AR-103453,"Alex Russell",Corporate
AR-103454,"Alex Russell",Corporate
AR-104051,"Allen Rosenblatt",Corporate
AR-104052,"Allen Rosenblatt",Corporate
AR-104053,"Allen Rosenblatt",Corporate
AR-104054,"Allen Rosenblatt",Corporate
AR-105101,"Andrew Roberts",Consumer
AR-105102,"Andrew Roberts",Consumer
AR-105103,"Andrew Roberts",Consumer
AR-105104,"Andrew Roberts",Consumer
AR-105401,"Andy Reiter",Consumer
AR-105402,"Andy Reiter",Consumer
AR-105403,"Andy Reiter",Consumer
AR-105404,"Andy Reiter",Consumer
AR-105701,"Anemone Ratner",Consumer
AR-105702,"Anemone Ratner",Consumer
AR-105703,"Anemone Ratner",Consumer
AR-105704,"Anemone Ratner",Consumer
AR-108251,"Anthony Rawles",Corporate
AR-108252,"Anthony Rawles",Corporate
AR-108253,"Anthony Rawles",Corporate
AR-108254,"Anthony Rawles",Corporate
AR-3451,"Alex Russell",Corporate
AR-3452,"Alex Russell",Corporate
AR-4051,"Allen Rosenblatt",Corporate
AR-4052,"Allen Rosenblatt",Corporate
AR-5101,"Andrew Roberts",Consumer
AR-5102,"Andrew Roberts",Consumer
AR-5401,"Andy Reiter",Consumer
AR-5402,"Andy Reiter",Consumer
AR-5701,"Anemone Ratner",Consumer
AR-5702,"Anemone Ratner",Consumer
AR-8251,"Anthony Rawles",Corporate
AR-8252,"Anthony Rawles",Corporate
AS-100451,"Aaron Smayling",Corporate
AS-100452,"Aaron Smayling",Corporate
AS-100453,"Aaron Smayling",Corporate
AS-100454,"Aaron Smayling",Corporate
AS-100901,"Adam Shillingsburg",Consumer
AS-100902,"Adam Shillingsburg",Consumer
AS-100903,"Adam Shillingsburg",Consumer
AS-100904,"Adam Shillingsburg",Consumer
AS-101351,"Adrian Shami","Home Office"
AS-101352,"Adrian Shami","Home Office"
AS-101353,"Adrian Shami","Home Office"
AS-101354,"Adrian Shami","Home Office"
AS-102251,"Alan Schoenberger",Corporate
AS-102252,"Alan Schoenberger",Corporate
AS-102253,"Alan Schoenberger",Corporate
AS-102254,"Alan Schoenberger",Corporate
AS-102401,"Alan Shonely",Consumer
AS-102402,"Alan Shonely",Consumer
AS-102403,"Alan Shonely",Consumer
AS-102404,"Alan Shonely",Consumer
AS-102851,"Alejandro Savely",Corporate
AS-102852,"Alejandro Savely",Corporate
AS-102853,"Alejandro Savely",Corporate
AS-102854,"Alejandro Savely",Corporate
AS-106301,"Ann Steele","Home Office"
AS-106302,"Ann Steele","Home Office"
AS-106303,"Ann Steele","Home Office"
AS-106304,"Ann Steele","Home Office"
AS-1351,"Adrian Shami","Home Office"
AS-1352,"Adrian Shami","Home Office"
AS-2251,"Alan Schoenberger",Corporate
AS-2252,"Alan Schoenberger",Corporate
AS-2253,"Alan Schoenberger",Corporate
AS-2401,"Alan Shonely",Consumer
AS-2402,"Alan Shonely",Consumer
AS-2851,"Alejandro Savely",Corporate
AS-2852,"Alejandro Savely",Corporate
AS-451,"Aaron Smayling",Corporate
AS-452,"Aaron Smayling",Corporate
AS-6301,"Ann Steele","Home Office"
AS-6302,"Ann Steele","Home Office"
AS-901,"Adam Shillingsburg",Consumer
AT-104351,"Alyssa Tate","Home Office"
AT-104352,"Alyssa Tate","Home Office"
AT-104353,"Alyssa Tate","Home Office"
AT-104354,"Alyssa Tate","Home Office"
AT-107351,"Annie Thurman",Consumer
AT-107352,"Annie Thurman",Consumer
AT-107353,"Annie Thurman",Consumer
AT-107354,"Annie Thurman",Consumer
AT-4351,"Alyssa Tate","Home Office"
AT-4352,"Alyssa Tate","Home Office"
AT-7351,"Annie Thurman",Consumer
AT-7352,"Annie Thurman",Consumer
AW-108401,"Anthony Witt",Consumer
AW-108402,"Anthony Witt",Consumer
AW-108403,"Anthony Witt",Consumer
AW-108404,"Anthony Witt",Consumer
AW-109301,"Arthur Wiediger","Home Office"
AW-109302,"Arthur Wiediger","Home Office"
AW-109303,"Arthur Wiediger","Home Office"
AW-109304,"Arthur Wiediger","Home Office"
AW-8401,"Anthony Witt",Consumer
AW-9301,"Arthur Wiediger","Home Office"
AW-9302,"Arthur Wiediger","Home Office"
AY-105551,"Andy Yotov",Corporate
AY-105552,"Andy Yotov",Corporate
AY-105553,"Andy Yotov",Corporate
AY-105554,"Andy Yotov",Corporate
AY-5551,"Andy Yotov",Corporate
AY-5552,"Andy Yotov",Corporate
AZ-107501,"Annie Zypern",Consumer
AZ-107502,"Annie Zypern",Consumer
AZ-107503,"Annie Zypern",Consumer
AZ-107504,"Annie Zypern",Consumer
AZ-7501,"Annie Zypern",Consumer
AZ-7502,"Annie Zypern",Consumer
AZ-7503,"Annie Zypern",Consumer
BB-109901,"Barry Blumstein",Corporate
BB-109902,"Barry Blumstein",Corporate
BB-109903,"Barry Blumstein",Corporate
BB-109904,"Barry Blumstein",Corporate
BB-115451,"Brenda Bowman",Corporate
BB-115452,"Brenda Bowman",Corporate
BB-115453,"Brenda Bowman",Corporate
BB-115454,"Brenda Bowman",Corporate
BB-15451,"Brenda Bowman",Corporate
BB-15452,"Brenda Bowman",Corporate
BB-9901,"Barry Blumstein",Corporate
BB-9902,"Barry Blumstein",Corporate
BC-111251,"Becky Castell","Home Office"
BC-111252,"Becky Castell","Home Office"
BC-111253,"Becky Castell","Home Office"
BC-111254,"Becky Castell","Home Office"
BC-11251,"Becky Castell","Home Office"
BC-11252,"Becky Castell","Home Office"
BD-113201,"Bill Donatelli",Consumer
BD-113202,"Bill Donatelli",Consumer
BD-113203,"Bill Donatelli",Consumer
BD-113204,"Bill Donatelli",Consumer
BD-115001,"Bradley Drucker",Consumer
BD-115002,"Bradley Drucker",Consumer
BD-115003,"Bradley Drucker",Consumer
BD-115004,"Bradley Drucker",Consumer
BD-115601,"Brendan Dodson","Home Office"
BD-115602,"Brendan Dodson","Home Office"
BD-115603,"Brendan Dodson","Home Office"
BD-115604,"Brendan Dodson","Home Office"
BD-116051,"Brian Dahlen",Consumer
BD-116052,"Brian Dahlen",Consumer
BD-116053,"Brian Dahlen",Consumer
BD-116054,"Brian Dahlen",Consumer
BD-116201,"Brian DeCherney",Consumer
BD-116202,"Brian DeCherney",Consumer
BD-116203,"Brian DeCherney",Consumer
BD-116204,"Brian DeCherney",Consumer
BD-116351,"Brian Derr",Consumer
BD-116352,"Brian Derr",Consumer
BD-116353,"Brian Derr",Consumer
BD-116354,"Brian Derr",Consumer
BD-117251,"Bruce Degenhardt",Consumer
BD-117252,"Bruce Degenhardt",Consumer
BD-117253,"Bruce Degenhardt",Consumer
BD-117254,"Bruce Degenhardt",Consumer
BD-117701,"Bryan Davis",Consumer
BD-117702,"Bryan Davis",Consumer
BD-117703,"Bryan Davis",Consumer
BD-117704,"Bryan Davis",Consumer
BD-13201,"Bill Donatelli",Consumer
BD-13202,"Bill Donatelli",Consumer
BD-15001,"Bradley Drucker",Consumer
BD-15601,"Brendan Dodson","Home Office"
BD-15602,"Brendan Dodson","Home Office"
BD-16051,"Brian Dahlen",Consumer
BD-16052,"Brian Dahlen",Consumer
BD-16201,"Brian DeCherney",Consumer
BD-16202,"Brian DeCherney",Consumer
BD-16351,"Brian Derr",Consumer
BD-16352,"Brian Derr",Consumer
BD-17251,"Bruce Degenhardt",Consumer
BD-17252,"Bruce Degenhardt",Consumer
BD-17701,"Bryan Davis",Consumer
BD-17702,"Bryan Davis",Consumer
BE-113351,"Bill Eplett","Home Office"
BE-113352,"Bill Eplett","Home Office"
BE-113353,"Bill Eplett","Home Office"
BE-113354,"Bill Eplett","Home Office"
BE-114101,"Bobby Elias",Consumer
BE-114102,"Bobby Elias",Consumer
BE-114103,"Bobby Elias",Consumer
BE-114104,"Bobby Elias",Consumer
BE-114551,"Brad Eason","Home Office"
BE-114552,"Brad Eason","Home Office"
BE-114553,"Brad Eason","Home Office"
BE-114554,"Brad Eason","Home Office"
BE-13351,"Bill Eplett","Home Office"
BE-13352,"Bill Eplett","Home Office"
BE-14101,"Bobby Elias",Consumer
BE-14102,"Bobby Elias",Consumer
BE-14551,"Brad Eason","Home Office"
BE-14552,"Brad Eason","Home Office"
BF-10051,"Barry Franz","Home Office"
BF-10052,"Barry Franz","Home Office"
BF-10201,"Barry Französisch",Corporate
BF-10202,"Barry Französisch",Corporate
BF-10801,"Bart Folk",Consumer
BF-10802,"Bart Folk",Consumer
BF-10803,"Bart Folk",Consumer
BF-109751,"Barbara Fisher",Corporate
BF-109752,"Barbara Fisher",Corporate
BF-109753,"Barbara Fisher",Corporate
BF-109754,"Barbara Fisher",Corporate
BF-110051,"Barry Franz","Home Office"
BF-110052,"Barry Franz","Home Office"
BF-110053,"Barry Franz","Home Office"
BF-110054,"Barry Franz","Home Office"
BF-110201,"Barry Französisch",Corporate
BF-110202,"Barry Französisch",Corporate
BF-110203,"Barry Französisch",Corporate
BF-110204,"Barry Französisch",Corporate
BF-110801,"Bart Folk",Consumer
BF-110802,"Bart Folk",Consumer
BF-110803,"Bart Folk",Consumer
BF-110804,"Bart Folk",Consumer
BF-111701,"Ben Ferrer","Home Office"
BF-111702,"Ben Ferrer","Home Office"
BF-111703,"Ben Ferrer","Home Office"
BF-111704,"Ben Ferrer","Home Office"
BF-112151,"Benjamin Farhat","Home Office"
BF-112152,"Benjamin Farhat","Home Office"
BF-112153,"Benjamin Farhat","Home Office"
BF-112154,"Benjamin Farhat","Home Office"
BF-112751,"Beth Fritzler",Corporate
BF-112752,"Beth Fritzler",Corporate
BF-112753,"Beth Fritzler",Corporate
BF-112754,"Beth Fritzler",Corporate
BF-11701,"Ben Ferrer","Home Office"
BF-11702,"Ben Ferrer","Home Office"
BF-12151,"Benjamin Farhat","Home Office"
BF-12751,"Beth Fritzler",Corporate
BF-12752,"Beth Fritzler",Corporate
BF-9751,"Barbara Fisher",Corporate
BF-9752,"Barbara Fisher",Corporate
BG-10351,"Barry Gonzalez",Consumer
BG-110351,"Barry Gonzalez",Consumer
BG-110352,"Barry Gonzalez",Consumer
BG-110353,"Barry Gonzalez",Consumer
BG-110354,"Barry Gonzalez",Consumer
BG-116951,"Brooke Gillingham",Corporate
BG-116952,"Brooke Gillingham",Corporate
BG-116953,"Brooke Gillingham",Corporate
BG-116954,"Brooke Gillingham",Corporate
BG-117401,"Bruce Geld",Consumer
BG-117402,"Bruce Geld",Consumer
BG-117403,"Bruce Geld",Consumer
BG-117404,"Bruce Geld",Consumer
BG-16951,"Brooke Gillingham",Corporate
BG-16952,"Brooke Gillingham",Corporate
BG-17401,"Bruce Geld",Consumer
BG-17402,"Bruce Geld",Consumer
BH-117101,"Brosina Hoffman",Consumer
BH-117102,"Brosina Hoffman",Consumer
BH-117103,"Brosina Hoffman",Consumer
BH-117104,"Brosina Hoffman",Consumer
BH-17101,"Brosina Hoffman",Consumer
BH-17102,"Brosina Hoffman",Consumer
BK-112601,"Berenike Kampe",Consumer
BK-112602,"Berenike Kampe",Consumer
BK-112603,"Berenike Kampe",Consumer
BK-112604,"Berenike Kampe",Consumer
BK-12601,"Berenike Kampe",Consumer
BK-12602,"Berenike Kampe",Consumer
BM-111401,"Becky Martin",Consumer
BM-111402,"Becky Martin",Consumer
BM-111403,"Becky Martin",Consumer
BM-111404,"Becky Martin",Consumer
BM-11401,"Becky Martin",Consumer
BM-11402,"Becky Martin",Consumer
BM-115751,"Brendan Murry",Corporate
BM-115752,"Brendan Murry",Corporate
BM-115753,"Brendan Murry",Corporate
BM-115754,"Brendan Murry",Corporate
BM-116501,"Brian Moss",Corporate
BM-116502,"Brian Moss",Corporate
BM-116503,"Brian Moss",Corporate
BM-116504,"Brian Moss",Corporate
BM-117851,"Bryan Mills",Consumer
BM-117852,"Bryan Mills",Consumer
BM-117853,"Bryan Mills",Consumer
BM-117854,"Bryan Mills",Consumer
BM-15751,"Brendan Murry",Corporate
BM-15752,"Brendan Murry",Corporate
BM-16501,"Brian Moss",Corporate
BM-16502,"Brian Moss",Corporate
BM-16503,"Brian Moss",Corporate
BM-17851,"Bryan Mills",Consumer
BM-17852,"Bryan Mills",Consumer
BN-114701,"Brad Norvell",Corporate
BN-114702,"Brad Norvell",Corporate
BN-114703,"Brad Norvell",Corporate
BN-114704,"Brad Norvell",Corporate
BN-115151,"Bradley Nguyen",Consumer
BN-115152,"Bradley Nguyen",Consumer
BN-115153,"Bradley Nguyen",Consumer
BN-115154,"Bradley Nguyen",Consumer
BN-14701,"Brad Norvell",Corporate
BN-14702,"Brad Norvell",Corporate
BN-15151,"Bradley Nguyen",Consumer
BN-15152,"Bradley Nguyen",Consumer
BO-113501,"Bill Overfelt",Corporate
BO-113502,"Bill Overfelt",Corporate
BO-113503,"Bill Overfelt",Corporate
BO-113504,"Bill Overfelt",Corporate
BO-114251,"Bobby Odegard",Consumer
BO-114252,"Bobby Odegard",Consumer
BO-114253,"Bobby Odegard",Consumer
BO-114254,"Bobby Odegard",Consumer
BO-13501,"Bill Overfelt",Corporate
BO-13502,"Bill Overfelt",Corporate
BO-14251,"Bobby Odegard",Consumer
BO-14252,"Bobby Odegard",Consumer
BP-10501,"Barry Pond",Corporate
BP-10502,"Barry Pond",Corporate
BP-10951,"Bart Pistole",Corporate
BP-10952,"Bart Pistole",Corporate
BP-110501,"Barry Pond",Corporate
BP-110502,"Barry Pond",Corporate
BP-110503,"Barry Pond",Corporate
BP-110504,"Barry Pond",Corporate
BP-110951,"Bart Pistole",Corporate
BP-110952,"Bart Pistole",Corporate
BP-110953,"Bart Pistole",Corporate
BP-110954,"Bart Pistole",Corporate
BP-111551,"Becky Pak",Consumer
BP-111552,"Becky Pak",Consumer
BP-111553,"Becky Pak",Consumer
BP-111554,"Becky Pak",Consumer
BP-111851,"Ben Peterman",Corporate
BP-111852,"Ben Peterman",Corporate
BP-111853,"Ben Peterman",Corporate
BP-111854,"Ben Peterman",Corporate
BP-112301,"Benjamin Patterson",Consumer
BP-112302,"Benjamin Patterson",Consumer
BP-112303,"Benjamin Patterson",Consumer
BP-112304,"Benjamin Patterson",Consumer
BP-112901,"Beth Paige",Consumer
BP-112902,"Beth Paige",Consumer
BP-112903,"Beth Paige",Consumer
BP-112904,"Beth Paige",Consumer
BP-11551,"Becky Pak",Consumer
BP-11552,"Becky Pak",Consumer
BP-11553,"Becky Pak",Consumer
BP-11851,"Ben Peterman",Corporate
BP-11852,"Ben Peterman",Corporate
BP-12301,"Benjamin Patterson",Consumer
BP-12302,"Benjamin Patterson",Consumer
BP-12901,"Beth Paige",Consumer
BP-12902,"Beth Paige",Consumer
BS-113651,"Bill Shonely",Corporate
BS-113652,"Bill Shonely",Corporate
BS-113653,"Bill Shonely",Corporate
BS-113654,"Bill Shonely",Corporate
BS-113801,"Bill Stewart",Corporate
BS-113802,"Bill Stewart",Corporate
BS-113803,"Bill Stewart",Corporate
BS-113804,"Bill Stewart",Corporate
BS-115901,"Brendan Sweed",Corporate
BS-115902,"Brendan Sweed",Corporate
BS-115903,"Brendan Sweed",Corporate
BS-115904,"Brendan Sweed",Corporate
BS-116651,"Brian Stugart",Consumer
BS-116652,"Brian Stugart",Consumer
BS-116653,"Brian Stugart",Consumer
BS-116654,"Brian Stugart",Consumer
BS-117551,"Bruce Stewart",Consumer
BS-117552,"Bruce Stewart",Consumer
BS-117553,"Bruce Stewart",Consumer
BS-117554,"Bruce Stewart",Consumer
BS-118001,"Bryan Spruell","Home Office"
BS-118002,"Bryan Spruell","Home Office"
BS-118003,"Bryan Spruell","Home Office"
BS-118004,"Bryan Spruell","Home Office"
BS-13651,"Bill Shonely",Corporate
BS-13652,"Bill Shonely",Corporate
BS-13801,"Bill Stewart",Corporate
BS-13802,"Bill Stewart",Corporate
BS-15901,"Brendan Sweed",Corporate
BS-15902,"Brendan Sweed",Corporate
BS-16651,"Brian Stugart",Consumer
BS-16652,"Brian Stugart",Consumer
BS-17551,"Bruce Stewart",Consumer
BS-17552,"Bruce Stewart",Consumer
BS-18001,"Bryan Spruell","Home Office"
BS-18002,"Bryan Spruell","Home Office"
BT-113051,"Beth Thompson","Home Office"
BT-113052,"Beth Thompson","Home Office"
BT-113053,"Beth Thompson","Home Office"
BT-113054,"Beth Thompson","Home Office"
BT-113951,"Bill Tyler",Corporate
BT-113952,"Bill Tyler",Corporate
BT-113953,"Bill Tyler",Corporate
BT-113954,"Bill Tyler",Corporate
BT-114401,"Bobby Trafton",Consumer
BT-114402,"Bobby Trafton",Consumer
BT-114403,"Bobby Trafton",Consumer
BT-114404,"Bobby Trafton",Consumer
BT-114851,"Brad Thomas","Home Office"
BT-114852,"Brad Thomas","Home Office"
BT-114853,"Brad Thomas","Home Office"
BT-114854,"Brad Thomas","Home Office"
BT-115301,"Bradley Talbott","Home Office"
BT-115302,"Bradley Talbott","Home Office"
BT-115303,"Bradley Talbott","Home Office"
BT-115304,"Bradley Talbott","Home Office"
BT-116801,"Brian Thompson",Consumer
BT-116802,"Brian Thompson",Consumer
BT-116803,"Brian Thompson",Consumer
BT-116804,"Brian Thompson",Consumer
BT-13051,"Beth Thompson","Home Office"
BT-13052,"Beth Thompson","Home Office"
BT-13951,"Bill Tyler",Corporate
BT-13952,"Bill Tyler",Corporate
BT-14401,"Bobby Trafton",Consumer
BT-14402,"Bobby Trafton",Consumer
BT-14851,"Brad Thomas","Home Office"
BT-14852,"Brad Thomas","Home Office"
BT-15301,"Bradley Talbott","Home Office"
BT-15302,"Bradley Talbott","Home Office"
BT-15303,"Bradley Talbott","Home Office"
BT-16801,"Brian Thompson",Consumer
BT-16802,"Brian Thompson",Consumer
BV-112451,"Benjamin Venier",Corporate
BV-112452,"Benjamin Venier",Corporate
BV-112453,"Benjamin Venier",Corporate
BV-112454,"Benjamin Venier",Corporate
BV-12451,"Benjamin Venier",Corporate
BW-10651,"Barry Weirich",Consumer
BW-10652,"Barry Weirich",Consumer
BW-110651,"Barry Weirich",Consumer
BW-110652,"Barry Weirich",Consumer
BW-110653,"Barry Weirich",Consumer
BW-110654,"Barry Weirich",Consumer
BW-11101,"Bart Watters",Corporate
BW-11102,"Bart Watters",Corporate
BW-11103,"Bart Watters",Corporate
BW-111101,"Bart Watters",Corporate
BW-111102,"Bart Watters",Corporate
BW-111103,"Bart Watters",Corporate
BW-111104,"Bart Watters",Corporate
BW-112001,"Ben Wallace",Consumer
BW-112002,"Ben Wallace",Consumer
BW-112003,"Ben Wallace",Consumer
BW-112004,"Ben Wallace",Consumer
BW-12001,"Ben Wallace",Consumer
BW-12002,"Ben Wallace",Consumer
CA-119651,"Carol Adams",Corporate
CA-119652,"Carol Adams",Corporate
CA-119653,"Carol Adams",Corporate
CA-119654,"Carol Adams",Corporate
CA-120551,"Cathy Armstrong","Home Office"
CA-120552,"Cathy Armstrong","Home Office"
CA-120553,"Cathy Armstrong","Home Office"
CA-120554,"Cathy Armstrong","Home Office"
CA-122651,"Christina Anderson",Consumer
CA-122652,"Christina Anderson",Consumer
CA-122653,"Christina Anderson",Consumer
CA-122654,"Christina Anderson",Consumer
CA-123101,"Christine Abelman",Corporate
CA-123102,"Christine Abelman",Corporate
CA-123103,"Christine Abelman",Corporate
CA-123104,"Christine Abelman",Corporate
CA-127751,"Cynthia Arntzen",Consumer
CA-127752,"Cynthia Arntzen",Consumer
CA-127753,"Cynthia Arntzen",Consumer
CA-127754,"Cynthia Arntzen",Consumer
CA-19651,"Carol Adams",Corporate
CA-19652,"Carol Adams",Corporate
CA-20551,"Cathy Armstrong","Home Office"
CA-20552,"Cathy Armstrong","Home Office"
CA-22651,"Christina Anderson",Consumer
CA-22652,"Christina Anderson",Consumer
CA-23101,"Christine Abelman",Corporate
CA-23102,"Christine Abelman",Corporate
CA-27751,"Cynthia Arntzen",Consumer
CA-27752,"Cynthia Arntzen",Consumer
CB-120251,"Cassandra Brandow",Consumer
CB-120252,"Cassandra Brandow",Consumer
CB-120253,"Cassandra Brandow",Consumer
CB-120254,"Cassandra Brandow",Consumer
CB-124151,"Christy Brittain",Consumer
CB-124152,"Christy Brittain",Consumer
CB-124153,"Christy Brittain",Consumer
CB-124154,"Christy Brittain",Consumer
CB-125351,"Claudia Bergmann",Corporate
CB-125352,"Claudia Bergmann",Corporate
CB-125353,"Claudia Bergmann",Corporate
CB-125354,"Claudia Bergmann",Corporate
CB-20251,"Cassandra Brandow",Consumer
CB-24151,"Christy Brittain",Consumer
CB-24152,"Christy Brittain",Consumer
CB-25351,"Claudia Bergmann",Corporate
CB-25352,"Claudia Bergmann",Corporate
CC-121001,"Chad Cunningham","Home Office"
CC-121002,"Chad Cunningham","Home Office"
CC-121003,"Chad Cunningham","Home Office"
CC-121004,"Chad Cunningham","Home Office"
CC-121451,"Charles Crestani",Consumer
CC-121452,"Charles Crestani",Consumer
CC-121453,"Charles Crestani",Consumer
CC-121454,"Charles Crestani",Consumer
CC-122201,"Chris Cortes",Consumer
CC-122202,"Chris Cortes",Consumer
CC-122203,"Chris Cortes",Consumer
CC-122204,"Chris Cortes",Consumer
CC-123701,"Christopher Conant",Consumer
CC-123702,"Christopher Conant",Consumer
CC-123703,"Christopher Conant",Consumer
CC-123704,"Christopher Conant",Consumer
CC-124301,"Chuck Clark","Home Office"
CC-124302,"Chuck Clark","Home Office"
CC-124303,"Chuck Clark","Home Office"
CC-124304,"Chuck Clark","Home Office"
CC-124751,"Cindy Chapman",Consumer
CC-124752,"Cindy Chapman",Consumer
CC-124753,"Cindy Chapman",Consumer
CC-124754,"Cindy Chapman",Consumer
CC-125501,"Clay Cheatham",Consumer
CC-125502,"Clay Cheatham",Consumer
CC-125503,"Clay Cheatham",Consumer
CC-125504,"Clay Cheatham",Consumer
CC-126101,"Corey Catlett",Corporate
CC-126102,"Corey Catlett",Corporate
CC-126103,"Corey Catlett",Corporate
CC-126104,"Corey Catlett",Corporate
CC-126701,"Craig Carreira",Consumer
CC-126702,"Craig Carreira",Consumer
CC-126703,"Craig Carreira",Consumer
CC-126704,"Craig Carreira",Consumer
CC-126851,"Craig Carroll",Consumer
CC-126852,"Craig Carroll",Consumer
CC-126853,"Craig Carroll",Consumer
CC-126854,"Craig Carroll",Consumer
CC-21001,"Chad Cunningham","Home Office"
CC-21002,"Chad Cunningham","Home Office"
CC-21451,"Charles Crestani",Consumer
CC-21452,"Charles Crestani",Consumer
CC-22201,"Chris Cortes",Consumer
CC-22202,"Chris Cortes",Consumer
CC-22203,"Chris Cortes",Consumer
CC-23701,"Christopher Conant",Consumer
CC-23702,"Christopher Conant",Consumer
CC-24301,"Chuck Clark","Home Office"
CC-24302,"Chuck Clark","Home Office"
CC-24751,"Cindy Chapman",Consumer
CC-24752,"Cindy Chapman",Consumer
CC-24753,"Cindy Chapman",Consumer
CC-25501,"Clay Cheatham",Consumer
CC-25502,"Clay Cheatham",Consumer
CC-26101,"Corey Catlett",Corporate
CC-26701,"Craig Carreira",Consumer
CC-26702,"Craig Carreira",Consumer
CC-26851,"Craig Carroll",Consumer
CC-26852,"Craig Carroll",Consumer
CD-119201,"Carlos Daly",Consumer
CD-119202,"Carlos Daly",Consumer
CD-119203,"Carlos Daly",Consumer
CD-119204,"Carlos Daly",Consumer
CD-119801,"Carol Darley",Consumer
CD-119802,"Carol Darley",Consumer
CD-119803,"Carol Darley",Consumer
CD-119804,"Carol Darley",Consumer
CD-122801,"Christina DeMoss",Consumer
CD-122802,"Christina DeMoss",Consumer
CD-122803,"Christina DeMoss",Consumer
CD-122804,"Christina DeMoss",Consumer
CD-127901,"Cynthia Delaney","Home Office"
CD-127902,"Cynthia Delaney","Home Office"
CD-127903,"Cynthia Delaney","Home Office"
CD-127904,"Cynthia Delaney","Home Office"
CD-19201,"Carlos Daly",Consumer
CD-19202,"Carlos Daly",Consumer
CD-19801,"Carol Darley",Consumer
CD-19802,"Carol Darley",Consumer
CD-19803,"Carol Darley",Consumer
CD-22801,"Christina DeMoss",Consumer
CD-22802,"Christina DeMoss",Consumer
CD-27901,"Cynthia Delaney","Home Office"
CD-27902,"Cynthia Delaney","Home Office"
CG-120401,"Catherine Glotzbach","Home Office"
CG-120402,"Catherine Glotzbach","Home Office"
CG-120403,"Catherine Glotzbach","Home Office"
CG-120404,"Catherine Glotzbach","Home Office"
CG-125201,"Claire Gute",Consumer
CG-125202,"Claire Gute",Consumer
CG-125203,"Claire Gute",Consumer
CG-125204,"Claire Gute",Consumer
CG-20401,"Catherine Glotzbach","Home Office"
CG-20402,"Catherine Glotzbach","Home Office"
CG-25201,"Claire Gute",Consumer
CG-25202,"Claire Gute",Consumer
CH-120701,"Cathy Hwang","Home Office"
CH-120702,"Cathy Hwang","Home Office"
CH-120703,"Cathy Hwang","Home Office"
CH-120704,"Cathy Hwang","Home Office"
CH-20701,"Cathy Hwang","Home Office"
CH-20702,"Cathy Hwang","Home Office"
CJ-118751,"Carl Jackson",Corporate
CJ-118752,"Carl Jackson",Corporate
CJ-118753,"Carl Jackson",Corporate
CJ-118754,"Carl Jackson",Corporate
CJ-120101,"Caroline Jumper",Consumer
CJ-120102,"Caroline Jumper",Consumer
CJ-120103,"Caroline Jumper",Consumer
CJ-120104,"Caroline Jumper",Consumer
CJ-18751,"Carl Jackson",Corporate
CJ-18752,"Carl Jackson",Corporate
CJ-20101,"Caroline Jumper",Consumer
CJ-20102,"Caroline Jumper",Consumer
CK-122051,"Chloris Kastensmidt",Consumer
CK-122052,"Chloris Kastensmidt",Consumer
CK-122053,"Chloris Kastensmidt",Consumer
CK-122054,"Chloris Kastensmidt",Consumer
CK-123251,"Christine Kargatis","Home Office"
CK-123252,"Christine Kargatis","Home Office"
CK-123253,"Christine Kargatis","Home Office"
CK-123254,"Christine Kargatis","Home Office"
CK-125951,"Clytie Kelty",Consumer
CK-125952,"Clytie Kelty",Consumer
CK-125953,"Clytie Kelty",Consumer
CK-125954,"Clytie Kelty",Consumer
CK-127601,"Cyma Kinney",Corporate
CK-127602,"Cyma Kinney",Corporate
CK-127603,"Cyma Kinney",Corporate
CK-127604,"Cyma Kinney",Corporate
CK-22051,"Chloris Kastensmidt",Consumer
CK-22052,"Chloris Kastensmidt",Consumer
CK-23251,"Christine Kargatis","Home Office"
CK-23252,"Christine Kargatis","Home Office"
CK-25951,"Clytie Kelty",Consumer
CK-25952,"Clytie Kelty",Consumer
CK-27601,"Cyma Kinney",Corporate
CK-27602,"Cyma Kinney",Corporate
CL-118901,"Carl Ludwig",Consumer
CL-118902,"Carl Ludwig",Consumer
CL-118903,"Carl Ludwig",Consumer
CL-118904,"Carl Ludwig",Consumer
CL-125651,"Clay Ludtke",Consumer
CL-125652,"Clay Ludtke",Consumer
CL-125653,"Clay Ludtke",Consumer
CL-125654,"Clay Ludtke",Consumer
CL-127001,"Craig Leslie","Home Office"
CL-127002,"Craig Leslie","Home Office"
CL-127003,"Craig Leslie","Home Office"
CL-127004,"Craig Leslie","Home Office"
CL-18901,"Carl Ludwig",Consumer
CL-18902,"Carl Ludwig",Consumer
CL-18903,"Carl Ludwig",Consumer
CL-25651,"Clay Ludtke",Consumer
CL-25652,"Clay Ludtke",Consumer
CL-27001,"Craig Leslie","Home Office"
CL-27002,"Craig Leslie","Home Office"
CM-118151,"Candace McMahon",Corporate
CM-118152,"Candace McMahon",Corporate
CM-118153,"Candace McMahon",Corporate
CM-118154,"Candace McMahon",Corporate
CM-118301,"Cari MacIntyre",Corporate
CM-118302,"Cari MacIntyre",Corporate
CM-118303,"Cari MacIntyre",Corporate
CM-119351,"Carlos Meador",Consumer
CM-119352,"Carlos Meador",Consumer
CM-119353,"Carlos Meador",Consumer
CM-119354,"Carlos Meador",Consumer
CM-121151,"Chad McGuire",Consumer
CM-121152,"Chad McGuire",Consumer
CM-121153,"Chad McGuire",Consumer
CM-121154,"Chad McGuire",Consumer
CM-121601,"Charles McCrossin",Consumer
CM-121602,"Charles McCrossin",Consumer
CM-121603,"Charles McCrossin",Consumer
CM-121604,"Charles McCrossin",Consumer
CM-121901,"Charlotte Melton",Consumer
CM-121902,"Charlotte Melton",Consumer
CM-121903,"Charlotte Melton",Consumer
CM-121904,"Charlotte Melton",Consumer
CM-122351,"Chris McAfee",Consumer
CM-122352,"Chris McAfee",Consumer
CM-122353,"Chris McAfee",Consumer
CM-122354,"Chris McAfee",Consumer
CM-123851,"Christopher Martinez",Consumer
CM-123852,"Christopher Martinez",Consumer
CM-123853,"Christopher Martinez",Consumer
CM-123854,"Christopher Martinez",Consumer
CM-124451,"Chuck Magee",Consumer
CM-124452,"Chuck Magee",Consumer
CM-124453,"Chuck Magee",Consumer
CM-124454,"Chuck Magee",Consumer
CM-126551,"Corinna Mitchell","Home Office"
CM-126552,"Corinna Mitchell","Home Office"
CM-126553,"Corinna Mitchell","Home Office"
CM-126554,"Corinna Mitchell","Home Office"
CM-127151,"Craig Molinari",Corporate
CM-127152,"Craig Molinari",Corporate
CM-127153,"Craig Molinari",Corporate
CM-127154,"Craig Molinari",Corporate
CM-18151,"Candace McMahon",Corporate
CM-18152,"Candace McMahon",Corporate
CM-18301,"Cari MacIntyre",Corporate
CM-18302,"Cari MacIntyre",Corporate
CM-19351,"Carlos Meador",Consumer
CM-19352,"Carlos Meador",Consumer
CM-21151,"Chad McGuire",Consumer
CM-21152,"Chad McGuire",Consumer
CM-21601,"Charles McCrossin",Consumer
CM-21602,"Charles McCrossin",Consumer
CM-21901,"Charlotte Melton",Consumer
CM-21902,"Charlotte Melton",Consumer
CM-22351,"Chris McAfee",Consumer
CM-22352,"Chris McAfee",Consumer
CM-23851,"Christopher Martinez",Consumer
CM-23852,"Christopher Martinez",Consumer
CM-24451,"Chuck Magee",Consumer
CM-24452,"Chuck Magee",Consumer
CM-26551,"Corinna Mitchell","Home Office"
CM-26552,"Corinna Mitchell","Home Office"
CM-27151,"Craig Molinari",Corporate
CM-27152,"Craig Molinari",Corporate
Co-126401,Corey-Lock,Consumer
Co-126402,Corey-Lock,Consumer
Co-126403,Corey-Lock,Consumer
Co-126404,Corey-Lock,Consumer
Co-26401,Corey-Lock,Consumer
Co-26402,Corey-Lock,Consumer
CP-120851,"Cathy Prescott",Corporate
CP-120852,"Cathy Prescott",Corporate
CP-120853,"Cathy Prescott",Corporate
CP-120854,"Cathy Prescott",Corporate
CP-123401,"Christine Phan",Corporate
CP-123402,"Christine Phan",Corporate
CP-123403,"Christine Phan",Corporate
CP-123404,"Christine Phan",Corporate
CP-20851,"Cathy Prescott",Corporate
CP-20852,"Cathy Prescott",Corporate
CP-20853,"Cathy Prescott",Corporate
CP-23401,"Christine Phan",Corporate
CP-23402,"Christine Phan",Corporate
CR-125801,"Clay Rozendal","Home Office"
CR-125802,"Clay Rozendal","Home Office"
CR-125803,"Clay Rozendal","Home Office"
CR-125804,"Clay Rozendal","Home Office"
CR-126251,"Corey Roper","Home Office"
CR-126252,"Corey Roper","Home Office"
CR-126253,"Corey Roper","Home Office"
CR-126254,"Corey Roper","Home Office"
CR-127301,"Craig Reiter",Consumer
CR-127302,"Craig Reiter",Consumer
CR-127303,"Craig Reiter",Consumer
CR-127304,"Craig Reiter",Consumer
CR-128201,"Cyra Reiten","Home Office"
CR-128202,"Cyra Reiten","Home Office"
CR-128203,"Cyra Reiten","Home Office"
CR-128204,"Cyra Reiten","Home Office"
CR-25801,"Clay Rozendal","Home Office"
CR-25802,"Clay Rozendal","Home Office"
CR-26251,"Corey Roper","Home Office"
CR-26252,"Corey Roper","Home Office"
CR-26253,"Corey Roper","Home Office"
CR-27301,"Craig Reiter",Consumer
CR-27302,"Craig Reiter",Consumer
CR-28201,"Cyra Reiten","Home Office"
CR-28202,"Cyra Reiten","Home Office"
CS-118451,"Cari Sayre",Corporate
CS-118452,"Cari Sayre",Corporate
CS-118453,"Cari Sayre",Corporate
CS-118454,"Cari Sayre",Corporate
CS-118601,"Cari Schnelling",Consumer
CS-118602,"Cari Schnelling",Consumer
CS-118603,"Cari Schnelling",Consumer
CS-118604,"Cari Schnelling",Consumer
CS-119501,"Carlos Soltero",Consumer
CS-119502,"Carlos Soltero",Consumer
CS-119503,"Carlos Soltero",Consumer
CS-119504,"Carlos Soltero",Consumer
CS-121301,"Chad Sievert",Consumer
CS-121302,"Chad Sievert",Consumer
CS-121303,"Chad Sievert",Consumer
CS-121304,"Chad Sievert",Consumer
CS-121751,"Charles Sheldon",Corporate
CS-121752,"Charles Sheldon",Corporate
CS-121753,"Charles Sheldon",Corporate
CS-121754,"Charles Sheldon",Corporate
CS-122501,"Chris Selesnick",Corporate
CS-122502,"Chris Selesnick",Corporate
CS-122503,"Chris Selesnick",Corporate
CS-122504,"Chris Selesnick",Corporate
CS-123551,"Christine Sundaresam",Consumer
CS-123552,"Christine Sundaresam",Consumer
CS-123553,"Christine Sundaresam",Consumer
CS-123554,"Christine Sundaresam",Consumer
CS-124001,"Christopher Schild","Home Office"
CS-124002,"Christopher Schild","Home Office"
CS-124003,"Christopher Schild","Home Office"
CS-124004,"Christopher Schild","Home Office"
CS-124601,"Chuck Sachs",Consumer
CS-124602,"Chuck Sachs",Consumer
CS-124603,"Chuck Sachs",Consumer
CS-124604,"Chuck Sachs",Consumer
CS-124901,"Cindy Schnelling",Corporate
CS-124902,"Cindy Schnelling",Corporate
CS-124903,"Cindy Schnelling",Corporate
CS-124904,"Cindy Schnelling",Corporate
CS-125051,"Cindy Stewart",Consumer
CS-125052,"Cindy Stewart",Consumer
CS-125053,"Cindy Stewart",Consumer
CS-125054,"Cindy Stewart",Consumer
CS-18451,"Cari Sayre",Corporate
CS-18452,"Cari Sayre",Corporate
CS-18601,"Cari Schnelling",Consumer
CS-18602,"Cari Schnelling",Consumer
CS-19501,"Carlos Soltero",Consumer
CS-19502,"Carlos Soltero",Consumer
CS-19503,"Carlos Soltero",Consumer
CS-21301,"Chad Sievert",Consumer
CS-21302,"Chad Sievert",Consumer
CS-21303,"Chad Sievert",Consumer
CS-21751,"Charles Sheldon",Corporate
CS-21752,"Charles Sheldon",Corporate
CS-22501,"Chris Selesnick",Corporate
CS-22502,"Chris Selesnick",Corporate
CS-23551,"Christine Sundaresam",Consumer
CS-23552,"Christine Sundaresam",Consumer
CS-24001,"Christopher Schild","Home Office"
CS-24002,"Christopher Schild","Home Office"
CS-24601,"Chuck Sachs",Consumer
CS-24602,"Chuck Sachs",Consumer
CS-24901,"Cindy Schnelling",Corporate
CS-24902,"Cindy Schnelling",Corporate
CS-25051,"Cindy Stewart",Consumer
CS-25052,"Cindy Stewart",Consumer
CT-119951,"Carol Triggs",Consumer
CT-119952,"Carol Triggs",Consumer
CT-119953,"Carol Triggs",Consumer
CT-119954,"Carol Triggs",Consumer
CT-19951,"Carol Triggs",Consumer
CV-122951,"Christina VanderZanden",Consumer
CV-122952,"Christina VanderZanden",Consumer
CV-122953,"Christina VanderZanden",Consumer
CV-122954,"Christina VanderZanden",Consumer
CV-128051,"Cynthia Voltz",Corporate
CV-128052,"Cynthia Voltz",Corporate
CV-128053,"Cynthia Voltz",Corporate
CV-128054,"Cynthia Voltz",Corporate
CV-22951,"Christina VanderZanden",Consumer
CV-22952,"Christina VanderZanden",Consumer
CV-28051,"Cynthia Voltz",Corporate
CV-28052,"Cynthia Voltz",Corporate
CW-119051,"Carl Weiss","Home Office"
CW-119052,"Carl Weiss","Home Office"
CW-119053,"Carl Weiss","Home Office"
CW-119054,"Carl Weiss","Home Office"
CW-19051,"Carl Weiss","Home Office"
CW-19052,"Carl Weiss","Home Office"
CY-127451,"Craig Yedwab",Corporate
CY-127452,"Craig Yedwab",Corporate
CY-127453,"Craig Yedwab",Corporate
CY-127454,"Craig Yedwab",Corporate
CY-27451,"Craig Yedwab",Corporate
CY-27452,"Craig Yedwab",Corporate
DA-134501,"Dianna Arnett","Home Office"
DA-134502,"Dianna Arnett","Home Office"
DA-134503,"Dianna Arnett","Home Office"
DA-134504,"Dianna Arnett","Home Office"
DA-34501,"Dianna Arnett","Home Office"
DA-34502,"Dianna Arnett","Home Office"
DB-129101,"Daniel Byrd","Home Office"
DB-129102,"Daniel Byrd","Home Office"
DB-129103,"Daniel Byrd","Home Office"
DB-129104,"Daniel Byrd","Home Office"
DB-129701,"Darren Budd",Corporate
DB-129702,"Darren Budd",Corporate
DB-129703,"Darren Budd",Corporate
DB-130601,"Dave Brooks",Consumer
DB-130602,"Dave Brooks",Consumer
DB-130603,"Dave Brooks",Consumer
DB-130604,"Dave Brooks",Consumer
DB-131201,"David Bremer",Corporate
DB-131202,"David Bremer",Corporate
DB-131203,"David Bremer",Corporate
DB-131204,"David Bremer",Corporate
DB-132101,"Dean Braden",Consumer
DB-132102,"Dean Braden",Consumer
DB-132103,"Dean Braden",Consumer
DB-132104,"Dean Braden",Consumer
DB-132701,"Deborah Brumfield","Home Office"
DB-132702,"Deborah Brumfield","Home Office"
DB-132703,"Deborah Brumfield","Home Office"
DB-132704,"Deborah Brumfield","Home Office"
DB-133601,"Dennis Bolton","Home Office"
DB-133602,"Dennis Bolton","Home Office"
DB-133603,"Dennis Bolton","Home Office"
DB-133604,"Dennis Bolton","Home Office"
DB-134051,"Denny Blanton",Consumer
DB-134052,"Denny Blanton",Consumer
DB-134053,"Denny Blanton",Consumer
DB-134054,"Denny Blanton",Consumer
DB-135551,"Dorothy Badders",Corporate
DB-135552,"Dorothy Badders",Corporate
DB-135553,"Dorothy Badders",Corporate
DB-135554,"Dorothy Badders",Corporate
DB-136151,"Doug Bickford",Consumer
DB-136152,"Doug Bickford",Consumer
DB-136153,"Doug Bickford",Consumer
DB-136154,"Doug Bickford",Consumer
DB-136601,"Duane Benoit",Consumer
DB-136602,"Duane Benoit",Consumer
DB-136603,"Duane Benoit",Consumer
DB-136604,"Duane Benoit",Consumer
DB-29101,"Daniel Byrd","Home Office"
DB-29102,"Daniel Byrd","Home Office"
DB-29103,"Daniel Byrd","Home Office"
DB-29701,"Darren Budd",Corporate
DB-29702,"Darren Budd",Corporate
DB-30601,"Dave Brooks",Consumer
DB-30602,"Dave Brooks",Consumer
DB-31201,"David Bremer",Corporate
DB-31202,"David Bremer",Corporate
DB-32101,"Dean Braden",Consumer
DB-32102,"Dean Braden",Consumer
DB-32701,"Deborah Brumfield","Home Office"
DB-32702,"Deborah Brumfield","Home Office"
DB-33601,"Dennis Bolton","Home Office"
DB-34051,"Denny Blanton",Consumer
DB-35551,"Dorothy Badders",Corporate
DB-35552,"Dorothy Badders",Corporate
DB-36151,"Doug Bickford",Consumer
DB-36152,"Doug Bickford",Consumer
DB-36601,"Duane Benoit",Consumer
DB-36602,"Duane Benoit",Consumer
DC-128501,"Dan Campbell",Consumer
DC-128502,"Dan Campbell",Consumer
DC-128503,"Dan Campbell",Consumer
DC-128504,"Dan Campbell",Consumer
DC-132851,"Debra Catini",Consumer
DC-132852,"Debra Catini",Consumer
DC-132853,"Debra Catini",Consumer
DC-132854,"Debra Catini",Consumer
DC-28501,"Dan Campbell",Consumer
DC-28502,"Dan Campbell",Consumer
DC-28503,"Dan Campbell",Consumer
DC-32851,"Debra Catini",Consumer
DC-32852,"Debra Catini",Consumer
DD-135701,"Dorothy Dickinson",Consumer
DD-135702,"Dorothy Dickinson",Consumer
DD-135703,"Dorothy Dickinson",Consumer
DD-135704,"Dorothy Dickinson",Consumer
DD-35701,"Dorothy Dickinson",Consumer
DD-35702,"Dorothy Dickinson",Consumer
DE-132551,"Deanra Eno","Home Office"
DE-132552,"Deanra Eno","Home Office"
DE-132553,"Deanra Eno","Home Office"
DE-132554,"Deanra Eno","Home Office"
DE-32551,"Deanra Eno","Home Office"
DE-32552,"Deanra Eno","Home Office"
DF-131351,"David Flashing",Consumer
DF-131352,"David Flashing",Consumer
DF-131353,"David Flashing",Consumer
DF-131354,"David Flashing",Consumer
DF-31351,"David Flashing",Consumer
DF-31352,"David Flashing",Consumer
DG-133001,"Deirdre Greer",Corporate
DG-133002,"Deirdre Greer",Corporate
DG-133003,"Deirdre Greer",Corporate
DG-133004,"Deirdre Greer",Corporate
DG-33001,"Deirdre Greer",Corporate
DG-33002,"Deirdre Greer",Corporate
DH-130751,"Dave Hallsten",Corporate
DH-130752,"Dave Hallsten",Corporate
DH-130753,"Dave Hallsten",Corporate
DH-130754,"Dave Hallsten",Corporate
DH-136751,"Duane Huffman","Home Office"
DH-136752,"Duane Huffman","Home Office"
DH-136753,"Duane Huffman","Home Office"
DH-136754,"Duane Huffman","Home Office"
DH-30751,"Dave Hallsten",Corporate
DH-30752,"Dave Hallsten",Corporate
DH-36751,"Duane Huffman","Home Office"
DH-36752,"Duane Huffman","Home Office"
DH-36753,"Duane Huffman","Home Office"
DJ-134201,"Denny Joy",Corporate
DJ-134202,"Denny Joy",Corporate
DJ-134203,"Denny Joy",Corporate
DJ-134204,"Denny Joy",Corporate
DJ-135101,"Don Jones",Corporate
DJ-135102,"Don Jones",Corporate
DJ-135103,"Don Jones",Corporate
DJ-135104,"Don Jones",Corporate
DJ-136301,"Doug Jacobs",Consumer
DJ-136302,"Doug Jacobs",Consumer
DJ-136303,"Doug Jacobs",Consumer
DJ-136304,"Doug Jacobs",Consumer
DJ-34201,"Denny Joy",Corporate
DJ-34202,"Denny Joy",Corporate
DJ-35101,"Don Jones",Corporate
DJ-35102,"Don Jones",Corporate
DJ-35103,"Don Jones",Corporate
DJ-36301,"Doug Jacobs",Consumer
DJ-36302,"Doug Jacobs",Consumer
DK-128351,"Damala Kotsonis",Corporate
DK-128352,"Damala Kotsonis",Corporate
DK-128353,"Damala Kotsonis",Corporate
DK-128354,"Damala Kotsonis",Corporate
DK-128951,"Dana Kaydos",Consumer
DK-128952,"Dana Kaydos",Consumer
DK-128953,"Dana Kaydos",Consumer
DK-128954,"Dana Kaydos",Consumer
DK-129851,"Darren Koutras",Consumer
DK-129852,"Darren Koutras",Consumer
DK-129853,"Darren Koutras",Consumer
DK-129854,"Darren Koutras",Consumer
DK-130901,"Dave Kipp",Consumer
DK-130902,"Dave Kipp",Consumer
DK-130903,"Dave Kipp",Consumer
DK-130904,"Dave Kipp",Consumer
DK-131501,"David Kendrick",Corporate
DK-131502,"David Kendrick",Corporate
DK-131503,"David Kendrick",Corporate
DK-131504,"David Kendrick",Corporate
DK-132251,"Dean Katz",Corporate
DK-132252,"Dean Katz",Corporate
DK-132253,"Dean Katz",Corporate
DK-132254,"Dean Katz",Corporate
DK-133751,"Dennis Kane",Consumer
DK-133752,"Dennis Kane",Consumer
DK-133753,"Dennis Kane",Consumer
DK-133754,"Dennis Kane",Consumer
DK-28351,"Damala Kotsonis",Corporate
DK-28352,"Damala Kotsonis",Corporate
DK-28951,"Dana Kaydos",Consumer
DK-28952,"Dana Kaydos",Consumer
DK-29851,"Darren Koutras",Consumer
DK-30901,"Dave Kipp",Consumer
DK-30902,"Dave Kipp",Consumer
DK-31501,"David Kendrick",Corporate
DK-31502,"David Kendrick",Corporate
DK-32251,"Dean Katz",Corporate
DK-32252,"Dean Katz",Corporate
DK-33751,"Dennis Kane",Consumer
DK-33752,"Dennis Kane",Consumer
DK-33753,"Dennis Kane",Consumer
DL-128651,"Dan Lawera",Consumer
DL-128652,"Dan Lawera",Consumer
DL-128653,"Dan Lawera",Consumer
DL-128654,"Dan Lawera",Consumer
DL-129251,"Daniel Lacy",Consumer
DL-129252,"Daniel Lacy",Consumer
DL-129253,"Daniel Lacy",Consumer
DL-129254,"Daniel Lacy",Consumer
DL-133151,"Delfina Latchford",Consumer
DL-133152,"Delfina Latchford",Consumer
DL-133153,"Delfina Latchford",Consumer
DL-133154,"Delfina Latchford",Consumer
DL-133301,"Denise Leinenbach",Consumer
DL-133302,"Denise Leinenbach",Consumer
DL-133303,"Denise Leinenbach",Consumer
DL-133304,"Denise Leinenbach",Consumer
DL-134951,"Dionis Lloyd",Corporate
DL-134952,"Dionis Lloyd",Corporate
DL-134953,"Dionis Lloyd",Corporate
DL-134954,"Dionis Lloyd",Corporate
Dl-136001,"Dorris liebe",Corporate
Dl-136002,"Dorris liebe",Corporate
Dl-136003,"Dorris liebe",Corporate
Dl-136004,"Dorris liebe",Corporate
DL-28651,"Dan Lawera",Consumer
DL-28652,"Dan Lawera",Consumer
DL-28653,"Dan Lawera",Consumer
DL-29251,"Daniel Lacy",Consumer
DL-29252,"Daniel Lacy",Consumer
DL-33151,"Delfina Latchford",Consumer
DL-33152,"Delfina Latchford",Consumer
DL-33301,"Denise Leinenbach",Consumer
DL-33302,"Denise Leinenbach",Consumer
DL-33303,"Denise Leinenbach",Consumer
DL-34951,"Dionis Lloyd",Corporate
DL-34952,"Dionis Lloyd",Corporate
Dl-36001,"Dorris liebe",Corporate
Dl-36002,"Dorris liebe",Corporate
DM-129551,"Dario Medina",Corporate
DM-129552,"Dario Medina",Corporate
DM-129553,"Dario Medina",Corporate
DM-129554,"Dario Medina",Corporate
DM-130151,"Darrin Martin",Consumer
DM-130152,"Darrin Martin",Consumer
DM-130153,"Darrin Martin",Consumer
DM-130154,"Darrin Martin",Consumer
DM-133451,"Denise Monton",Corporate
DM-133452,"Denise Monton",Corporate
DM-133453,"Denise Monton",Corporate
DM-133454,"Denise Monton",Corporate
DM-135251,"Don Miller",Corporate
DM-135252,"Don Miller",Corporate
DM-135253,"Don Miller",Corporate
DM-135254,"Don Miller",Corporate
DM-29551,"Dario Medina",Corporate
DM-29552,"Dario Medina",Corporate
DM-29553,"Dario Medina",Corporate
DM-30151,"Darrin Martin",Consumer
DM-30152,"Darrin Martin",Consumer
DM-33451,"Denise Monton",Corporate
DM-33452,"Denise Monton",Corporate
DM-35251,"Don Miller",Corporate
DM-35252,"Don Miller",Corporate
DM-35253,"Don Miller",Corporate
DN-136901,"Duane Noonan",Consumer
DN-136902,"Duane Noonan",Consumer
DN-136903,"Duane Noonan",Consumer
DN-136904,"Duane Noonan",Consumer
DN-36901,"Duane Noonan",Consumer
DN-36902,"Duane Noonan",Consumer
DN-36903,"Duane Noonan",Consumer
DO-134351,"Denny Ordway",Consumer
DO-134352,"Denny Ordway",Consumer
DO-134353,"Denny Ordway",Consumer
DO-134354,"Denny Ordway",Consumer
DO-136451,"Doug O'Connell",Consumer
DO-136452,"Doug O'Connell",Consumer
DO-136453,"Doug O'Connell",Consumer
DO-136454,"Doug O'Connell",Consumer
DO-34351,"Denny Ordway",Consumer
DO-34352,"Denny Ordway",Consumer
DO-36451,"Doug O'Connell",Consumer
DO-36452,"Doug O'Connell",Consumer
DO-36453,"Doug O'Connell",Consumer
DP-130001,"Darren Powers",Consumer
DP-130002,"Darren Powers",Consumer
DP-130003,"Darren Powers",Consumer
DP-130004,"Darren Powers",Consumer
DP-131051,"Dave Poirier",Corporate
DP-131052,"Dave Poirier",Corporate
DP-131053,"Dave Poirier",Corporate
DP-131054,"Dave Poirier",Corporate
DP-131651,"David Philippe",Consumer
DP-131652,"David Philippe",Consumer
DP-131653,"David Philippe",Consumer
DP-131654,"David Philippe",Consumer
Dp-132401,"Dean percer","Home Office"
Dp-132402,"Dean percer","Home Office"
Dp-132403,"Dean percer","Home Office"
Dp-132404,"Dean percer","Home Office"
DP-133901,"Dennis Pardue","Home Office"
DP-133902,"Dennis Pardue","Home Office"
DP-133903,"Dennis Pardue","Home Office"
DP-133904,"Dennis Pardue","Home Office"
DP-30001,"Darren Powers",Consumer
DP-30002,"Darren Powers",Consumer
DP-30003,"Darren Powers",Consumer
DP-31051,"Dave Poirier",Corporate
DP-31052,"Dave Poirier",Corporate
DP-31651,"David Philippe",Consumer
DP-31652,"David Philippe",Consumer
Dp-32401,"Dean percer","Home Office"
Dp-32402,"Dean percer","Home Office"
Dp-32403,"Dean percer","Home Office"
DP-33901,"Dennis Pardue","Home Office"
DP-33902,"Dennis Pardue","Home Office"
DP-33903,"Dennis Pardue","Home Office"
DR-128801,"Dan Reichenbach",Corporate
DR-128802,"Dan Reichenbach",Corporate
DR-128803,"Dan Reichenbach",Corporate
DR-128804,"Dan Reichenbach",Corporate
DR-129401,"Daniel Raglin","Home Office"
DR-129402,"Daniel Raglin","Home Office"
DR-129403,"Daniel Raglin","Home Office"
DR-129404,"Daniel Raglin","Home Office"
DR-28801,"Dan Reichenbach",Corporate
DR-28802,"Dan Reichenbach",Corporate
DR-29401,"Daniel Raglin","Home Office"
DR-29402,"Daniel Raglin","Home Office"
DS-130301,"Darrin Sayre","Home Office"
DS-130302,"Darrin Sayre","Home Office"
DS-130303,"Darrin Sayre","Home Office"
DS-130304,"Darrin Sayre","Home Office"
DS-131801,"David Smith",Corporate
DS-131802,"David Smith",Corporate
DS-131803,"David Smith",Corporate
DS-131804,"David Smith",Corporate
DS-30301,"Darrin Sayre","Home Office"
DS-30302,"Darrin Sayre","Home Office"
DS-31801,"David Smith",Corporate
DS-31802,"David Smith",Corporate
DV-130451,"Darrin Van Huff",Corporate
DV-130452,"Darrin Van Huff",Corporate
DV-130453,"Darrin Van Huff",Corporate
DV-130454,"Darrin Van Huff",Corporate
DV-134651,"Dianna Vittorini",Consumer
DV-134652,"Dianna Vittorini",Consumer
DV-134653,"Dianna Vittorini",Consumer
DV-134654,"Dianna Vittorini",Consumer
DV-30451,"Darrin Van Huff",Corporate
DV-30452,"Darrin Van Huff",Corporate
DV-34651,"Dianna Vittorini",Consumer
DV-34652,"Dianna Vittorini",Consumer
DW-131951,"David Wiener",Corporate
DW-131952,"David Wiener",Corporate
DW-131953,"David Wiener",Corporate
DW-131954,"David Wiener",Corporate
DW-134801,"Dianna Wilson","Home Office"
DW-134802,"Dianna Wilson","Home Office"
DW-134803,"Dianna Wilson","Home Office"
DW-134804,"Dianna Wilson","Home Office"
DW-135401,"Don Weiss",Consumer
DW-135402,"Don Weiss",Consumer
DW-135403,"Don Weiss",Consumer
DW-135404,"Don Weiss",Consumer
DW-135851,"Dorothy Wardle",Corporate
DW-135852,"Dorothy Wardle",Corporate
DW-135853,"Dorothy Wardle",Corporate
DW-135854,"Dorothy Wardle",Corporate
DW-31951,"David Wiener",Corporate
DW-31952,"David Wiener",Corporate
DW-34801,"Dianna Wilson","Home Office"
DW-34802,"Dianna Wilson","Home Office"
DW-34803,"Dianna Wilson","Home Office"
DW-35401,"Don Weiss",Consumer
DW-35402,"Don Weiss",Consumer
DW-35403,"Don Weiss",Consumer
DW-35851,"Dorothy Wardle",Corporate
DW-35852,"Dorothy Wardle",Corporate
EA-140351,"Erin Ashbrook",Corporate
EA-140352,"Erin Ashbrook",Corporate
EA-140353,"Erin Ashbrook",Corporate
EA-140354,"Erin Ashbrook",Corporate
EA-40351,"Erin Ashbrook",Corporate
EB-137051,"Ed Braxton",Corporate
EB-137052,"Ed Braxton",Corporate
EB-137053,"Ed Braxton",Corporate
EB-137054,"Ed Braxton",Corporate
EB-137501,"Edward Becker",Corporate
EB-137502,"Edward Becker",Corporate
EB-137503,"Edward Becker",Corporate
EB-137504,"Edward Becker",Corporate
EB-138401,"Ellis Ballard",Corporate
EB-138402,"Ellis Ballard",Corporate
EB-138403,"Ellis Ballard",Corporate
EB-138404,"Ellis Ballard",Corporate
EB-138701,"Emily Burns",Consumer
EB-138702,"Emily Burns",Consumer
EB-138703,"Emily Burns",Consumer
EB-138704,"Emily Burns",Consumer
EB-139301,"Eric Barreto",Consumer
EB-139302,"Eric Barreto",Consumer
EB-139303,"Eric Barreto",Consumer
EB-139304,"Eric Barreto",Consumer
EB-139751,"Erica Bern",Corporate
EB-139752,"Erica Bern",Corporate
EB-139753,"Erica Bern",Corporate
EB-139754,"Erica Bern",Corporate
EB-141101,"Eugene Barchas",Consumer
EB-141102,"Eugene Barchas",Consumer
EB-141103,"Eugene Barchas",Consumer
EB-141104,"Eugene Barchas",Consumer
EB-141701,"Evan Bailliet",Consumer
EB-141702,"Evan Bailliet",Consumer
EB-141703,"Evan Bailliet",Consumer
EB-141704,"Evan Bailliet",Consumer
EB-37051,"Ed Braxton",Corporate
EB-37052,"Ed Braxton",Corporate
EB-37501,"Edward Becker",Corporate
EB-37502,"Edward Becker",Corporate
EB-38401,"Ellis Ballard",Corporate
EB-38402,"Ellis Ballard",Corporate
EB-38403,"Ellis Ballard",Corporate
EB-38701,"Emily Burns",Consumer
EB-38702,"Emily Burns",Consumer
EB-39301,"Eric Barreto",Consumer
EB-39302,"Eric Barreto",Consumer
EB-39751,"Erica Bern",Corporate
EB-39752,"Erica Bern",Corporate
EB-41101,"Eugene Barchas",Consumer
EB-41102,"Eugene Barchas",Consumer
EB-41701,"Evan Bailliet",Consumer
EB-41702,"Evan Bailliet",Consumer
EC-140501,"Erin Creighton",Consumer
EC-140502,"Erin Creighton",Consumer
EC-140503,"Erin Creighton",Consumer
EC-140504,"Erin Creighton",Consumer
EC-40501,"Erin Creighton",Consumer
EC-40502,"Erin Creighton",Consumer
ED-138851,"Emily Ducich","Home Office"
ED-138852,"Emily Ducich","Home Office"
ED-138853,"Emily Ducich","Home Office"
ED-138854,"Emily Ducich","Home Office"
ED-38851,"Emily Ducich","Home Office"
ED-38852,"Emily Ducich","Home Office"
ED-38853,"Emily Ducich","Home Office"
EG-139001,"Emily Grady",Consumer
EG-139002,"Emily Grady",Consumer
EG-139003,"Emily Grady",Consumer
EG-139004,"Emily Grady",Consumer
EG-39001,"Emily Grady",Consumer
EG-39002,"Emily Grady",Consumer
EH-137651,"Edward Hooks",Corporate
EH-137652,"Edward Hooks",Corporate
EH-137653,"Edward Hooks",Corporate
EH-137654,"Edward Hooks",Corporate
EH-139451,"Eric Hoffmann",Consumer
EH-139452,"Eric Hoffmann",Consumer
EH-139453,"Eric Hoffmann",Consumer
EH-139454,"Eric Hoffmann",Consumer
EH-139901,"Erica Hackney",Consumer
EH-139902,"Erica Hackney",Consumer
EH-139903,"Erica Hackney",Consumer
EH-139904,"Erica Hackney",Consumer
EH-140051,"Erica Hernandez","Home Office"
EH-140052,"Erica Hernandez","Home Office"
EH-140053,"Erica Hernandez","Home Office"
EH-140054,"Erica Hernandez","Home Office"
EH-141251,"Eugene Hildebrand","Home Office"
EH-141252,"Eugene Hildebrand","Home Office"
EH-141253,"Eugene Hildebrand","Home Office"
EH-141254,"Eugene Hildebrand","Home Office"
EH-141851,"Evan Henry",Consumer
EH-141852,"Evan Henry",Consumer
EH-141853,"Evan Henry",Consumer
EH-141854,"Evan Henry",Consumer
EH-37651,"Edward Hooks",Corporate
EH-37652,"Edward Hooks",Corporate
EH-39451,"Eric Hoffmann",Consumer
EH-39452,"Eric Hoffmann",Consumer
EH-39453,"Eric Hoffmann",Consumer
EH-39901,"Erica Hackney",Consumer
EH-39902,"Erica Hackney",Consumer
EH-40051,"Erica Hernandez","Home Office"
EH-40052,"Erica Hernandez","Home Office"
EH-41251,"Eugene Hildebrand","Home Office"
EH-41252,"Eugene Hildebrand","Home Office"
EH-41851,"Evan Henry",Consumer
EH-41852,"Evan Henry",Consumer
EJ-137201,"Ed Jacobs",Consumer
EJ-137202,"Ed Jacobs",Consumer
EJ-137203,"Ed Jacobs",Consumer
EJ-137204,"Ed Jacobs",Consumer
EJ-141551,"Eva Jacobs",Consumer
EJ-141552,"Eva Jacobs",Consumer
EJ-141553,"Eva Jacobs",Consumer
EJ-141554,"Eva Jacobs",Consumer
EJ-37201,"Ed Jacobs",Consumer
EJ-37202,"Ed Jacobs",Consumer
EJ-41551,"Eva Jacobs",Consumer
EJ-41552,"Eva Jacobs",Consumer
EK-137951,"Eileen Kiefer","Home Office"
EK-137952,"Eileen Kiefer","Home Office"
EK-137953,"Eileen Kiefer","Home Office"
EK-137954,"Eileen Kiefer","Home Office"
EK-37951,"Eileen Kiefer","Home Office"
EK-37952,"Eileen Kiefer","Home Office"
EL-137351,"Ed Ludwig","Home Office"
EL-137352,"Ed Ludwig","Home Office"
EL-137353,"Ed Ludwig","Home Office"
EL-137354,"Ed Ludwig","Home Office"
EL-37351,"Ed Ludwig","Home Office"
EL-37352,"Ed Ludwig","Home Office"
EM-138101,"Eleni McCrary",Corporate
EM-138102,"Eleni McCrary",Corporate
EM-138103,"Eleni McCrary",Corporate
EM-138104,"Eleni McCrary",Corporate
EM-138251,"Elizabeth Moffitt",Corporate
EM-138252,"Elizabeth Moffitt",Corporate
EM-138253,"Elizabeth Moffitt",Corporate
EM-138254,"Elizabeth Moffitt",Corporate
EM-139601,"Eric Murdock",Consumer
EM-139602,"Eric Murdock",Consumer
EM-139603,"Eric Murdock",Consumer
EM-139604,"Eric Murdock",Consumer
EM-140651,"Erin Mull",Consumer
EM-140652,"Erin Mull",Consumer
EM-140653,"Erin Mull",Consumer
EM-140654,"Erin Mull",Consumer
EM-140951,"Eudokia Martin",Corporate
EM-140952,"Eudokia Martin",Corporate
EM-140953,"Eudokia Martin",Corporate
EM-140954,"Eudokia Martin",Corporate
EM-141401,"Eugene Moren","Home Office"
EM-141402,"Eugene Moren","Home Office"
EM-141403,"Eugene Moren","Home Office"
EM-141404,"Eugene Moren","Home Office"
EM-142001,"Evan Minnotte","Home Office"
EM-142002,"Evan Minnotte","Home Office"
EM-142003,"Evan Minnotte","Home Office"
EM-142004,"Evan Minnotte","Home Office"
EM-38101,"Eleni McCrary",Corporate
EM-38102,"Eleni McCrary",Corporate
EM-38251,"Elizabeth Moffitt",Corporate
EM-38252,"Elizabeth Moffitt",Corporate
EM-38253,"Elizabeth Moffitt",Corporate
EM-39601,"Eric Murdock",Consumer
EM-39602,"Eric Murdock",Consumer
EM-39603,"Eric Murdock",Consumer
EM-40651,"Erin Mull",Consumer
EM-40652,"Erin Mull",Consumer
EM-40653,"Erin Mull",Consumer
EM-40951,"Eudokia Martin",Corporate
EM-40952,"Eudokia Martin",Corporate
EM-40953,"Eudokia Martin",Corporate
EM-41401,"Eugene Moren","Home Office"
EM-41402,"Eugene Moren","Home Office"
EM-42001,"Evan Minnotte","Home Office"
EM-42002,"Evan Minnotte","Home Office"
EN-137801,"Edward Nazzal",Consumer
EN-137802,"Edward Nazzal",Consumer
EN-137803,"Edward Nazzal",Consumer
EN-137804,"Edward Nazzal",Consumer
EN-37801,"Edward Nazzal",Consumer
EN-37802,"Edward Nazzal",Consumer
EP-139151,"Emily Phan",Consumer
EP-139152,"Emily Phan",Consumer
EP-139153,"Emily Phan",Consumer
EP-139154,"Emily Phan",Consumer
EP-39151,"Emily Phan",Consumer
EP-39152,"Emily Phan",Consumer
ER-138551,"Elpida Rittenbach",Corporate
ER-138552,"Elpida Rittenbach",Corporate
ER-138553,"Elpida Rittenbach",Corporate
ER-138554,"Elpida Rittenbach",Corporate
ER-38551,"Elpida Rittenbach",Corporate
ER-38552,"Elpida Rittenbach",Corporate
ES-140201,"Erica Smith",Consumer
ES-140202,"Erica Smith",Consumer
ES-140203,"Erica Smith",Consumer
ES-140204,"Erica Smith",Consumer
ES-140801,"Erin Smith",Corporate
ES-140802,"Erin Smith",Corporate
ES-140803,"Erin Smith",Corporate
ES-140804,"Erin Smith",Corporate
ES-40201,"Erica Smith",Consumer
ES-40202,"Erica Smith",Consumer
ES-40203,"Erica Smith",Consumer
ES-40801,"Erin Smith",Corporate
ES-40802,"Erin Smith",Corporate
FA-142301,"Frank Atkinson",Corporate
FA-142302,"Frank Atkinson",Corporate
FA-142303,"Frank Atkinson",Corporate
FA-142304,"Frank Atkinson",Corporate
FA-42301,"Frank Atkinson",Corporate
FA-42302,"Frank Atkinson",Corporate
FC-142451,"Frank Carlisle","Home Office"
FC-142452,"Frank Carlisle","Home Office"
FC-142453,"Frank Carlisle","Home Office"
FC-142454,"Frank Carlisle","Home Office"
FC-143351,"Fred Chung",Corporate
FC-143352,"Fred Chung",Corporate
FC-143353,"Fred Chung",Corporate
FC-143354,"Fred Chung",Corporate
FC-42451,"Frank Carlisle","Home Office"
FC-42452,"Frank Carlisle","Home Office"
FC-43351,"Fred Chung",Corporate
FC-43352,"Fred Chung",Corporate
FG-142601,"Frank Gastineau","Home Office"
FG-142602,"Frank Gastineau","Home Office"
FG-142603,"Frank Gastineau","Home Office"
FG-142604,"Frank Gastineau","Home Office"
FG-42601,"Frank Gastineau","Home Office"
FG-42602,"Frank Gastineau","Home Office"
FG-42603,"Frank Gastineau","Home Office"
FH-142751,"Frank Hawley",Corporate
FH-142752,"Frank Hawley",Corporate
FH-142753,"Frank Hawley",Corporate
FH-142754,"Frank Hawley",Corporate
FH-143501,"Fred Harton",Consumer
FH-143502,"Fred Harton",Consumer
FH-143503,"Fred Harton",Consumer
FH-143504,"Fred Harton",Consumer
FH-143651,"Fred Hopkins",Corporate
FH-143652,"Fred Hopkins",Corporate
FH-143653,"Fred Hopkins",Corporate
FH-143654,"Fred Hopkins",Corporate
FH-42751,"Frank Hawley",Corporate
FH-42752,"Frank Hawley",Corporate
FH-43501,"Fred Harton",Consumer
FH-43502,"Fred Harton",Consumer
FH-43651,"Fred Hopkins",Corporate
FH-43652,"Fred Hopkins",Corporate
FM-142151,"Filia McAdams",Corporate
FM-142152,"Filia McAdams",Corporate
FM-142153,"Filia McAdams",Corporate
FM-142154,"Filia McAdams",Corporate
FM-142901,"Frank Merwin","Home Office"
FM-142902,"Frank Merwin","Home Office"
FM-142903,"Frank Merwin","Home Office"
FM-142904,"Frank Merwin","Home Office"
FM-143801,"Fred McMath",Consumer
FM-143802,"Fred McMath",Consumer
FM-143803,"Fred McMath",Consumer
FM-143804,"Fred McMath",Consumer
FM-42151,"Filia McAdams",Corporate
FM-42152,"Filia McAdams",Corporate
FM-42901,"Frank Merwin","Home Office"
FM-42902,"Frank Merwin","Home Office"
FM-43801,"Fred McMath",Consumer
FM-43802,"Fred McMath",Consumer
FO-143051,"Frank Olsen",Consumer
FO-143052,"Frank Olsen",Consumer
FO-143053,"Frank Olsen",Consumer
FO-143054,"Frank Olsen",Consumer
FO-43051,"Frank Olsen",Consumer
FO-43052,"Frank Olsen",Consumer
FP-143201,"Frank Preis",Consumer
FP-143202,"Frank Preis",Consumer
FP-143203,"Frank Preis",Consumer
FP-143204,"Frank Preis",Consumer
FP-43201,"Frank Preis",Consumer
FP-43202,"Frank Preis",Consumer
FW-143951,"Fred Wasserman",Corporate
FW-143952,"Fred Wasserman",Corporate
FW-143953,"Fred Wasserman",Corporate
FW-143954,"Fred Wasserman",Corporate
FW-43951,"Fred Wasserman",Corporate
FW-43952,"Fred Wasserman",Corporate
GA-145151,"George Ashbrook",Consumer
GA-145152,"George Ashbrook",Consumer
GA-145153,"George Ashbrook",Consumer
GA-145154,"George Ashbrook",Consumer
GA-147251,"Guy Armstrong",Consumer
GA-147252,"Guy Armstrong",Consumer
GA-147253,"Guy Armstrong",Consumer
GA-147254,"Guy Armstrong",Consumer
GA-45151,"George Ashbrook",Consumer
GA-45152,"George Ashbrook",Consumer
GA-47251,"Guy Armstrong",Consumer
GB-145301,"George Bell",Corporate
GB-145302,"George Bell",Corporate
GB-145303,"George Bell",Corporate
GB-145304,"George Bell",Corporate
GB-145751,"Giulietta Baptist",Consumer
GB-145752,"Giulietta Baptist",Consumer
GB-145753,"Giulietta Baptist",Consumer
GB-145754,"Giulietta Baptist",Consumer
GB-45301,"George Bell",Corporate
GB-45302,"George Bell",Corporate
GB-45303,"George Bell",Corporate
GB-45751,"Giulietta Baptist",Consumer
GB-45752,"Giulietta Baptist",Consumer
GD-145901,"Giulietta Dortch",Corporate
GD-145902,"Giulietta Dortch",Corporate
GD-145903,"Giulietta Dortch",Corporate
GD-145904,"Giulietta Dortch",Corporate
GD-45901,"Giulietta Dortch",Corporate
GD-45902,"Giulietta Dortch",Corporate
GG-146501,"Greg Guthrie",Corporate
GG-146502,"Greg Guthrie",Corporate
GG-146503,"Greg Guthrie",Corporate
GG-146504,"Greg Guthrie",Corporate
GG-46501,"Greg Guthrie",Corporate
GG-46502,"Greg Guthrie",Corporate
GH-144101,"Gary Hansen","Home Office"
GH-144102,"Gary Hansen","Home Office"
GH-144103,"Gary Hansen","Home Office"
GH-144104,"Gary Hansen","Home Office"
GH-144251,"Gary Hwang",Consumer
GH-144252,"Gary Hwang",Consumer
GH-144253,"Gary Hwang",Consumer
GH-144254,"Gary Hwang",Consumer
GH-144851,"Gene Hale",Corporate
GH-144852,"Gene Hale",Corporate
GH-144853,"Gene Hale",Corporate
GH-144854,"Gene Hale",Corporate
GH-146651,"Greg Hansen",Consumer
GH-146652,"Greg Hansen",Consumer
GH-146653,"Greg Hansen",Consumer
GH-146654,"Greg Hansen",Consumer
GH-44101,"Gary Hansen","Home Office"
GH-44102,"Gary Hansen","Home Office"
GH-44251,"Gary Hwang",Consumer
GH-44252,"Gary Hwang",Consumer
GH-44253,"Gary Hwang",Consumer
GH-44851,"Gene Hale",Corporate
GH-44852,"Gene Hale",Corporate
GH-46651,"Greg Hansen",Consumer
GH-46652,"Greg Hansen",Consumer
GH-46653,"Greg Hansen",Consumer
GK-146201,"Grace Kelly",Corporate
GK-146202,"Grace Kelly",Corporate
GK-146203,"Grace Kelly",Corporate
GK-146204,"Grace Kelly",Corporate
GK-46201,"Grace Kelly",Corporate
GK-46202,"Grace Kelly",Corporate
GM-144401,"Gary McGarr",Consumer
GM-144402,"Gary McGarr",Consumer
GM-144403,"Gary McGarr",Consumer
GM-144404,"Gary McGarr",Consumer
GM-144551,"Gary Mitchum","Home Office"
GM-144552,"Gary Mitchum","Home Office"
GM-144553,"Gary Mitchum","Home Office"
GM-144554,"Gary Mitchum","Home Office"
GM-145001,"Gene McClure",Consumer
GM-145002,"Gene McClure",Consumer
GM-145003,"Gene McClure",Consumer
GM-145004,"Gene McClure",Consumer
GM-146801,"Greg Matthias",Consumer
GM-146802,"Greg Matthias",Consumer
GM-146803,"Greg Matthias",Consumer
GM-146804,"Greg Matthias",Consumer
GM-146951,"Greg Maxwell",Corporate
GM-146952,"Greg Maxwell",Corporate
GM-146953,"Greg Maxwell",Corporate
GM-146954,"Greg Maxwell",Corporate
GM-44401,"Gary McGarr",Consumer
GM-44402,"Gary McGarr",Consumer
GM-44551,"Gary Mitchum","Home Office"
GM-44552,"Gary Mitchum","Home Office"
GM-45001,"Gene McClure",Consumer
GM-45002,"Gene McClure",Consumer
GM-46801,"Greg Matthias",Consumer
GM-46802,"Greg Matthias",Consumer
GM-46951,"Greg Maxwell",Corporate
GM-46952,"Greg Maxwell",Corporate
GP-147401,"Guy Phonely",Corporate
GP-147402,"Guy Phonely",Corporate
GP-147403,"Guy Phonely",Corporate
GP-147404,"Guy Phonely",Corporate
GP-47401,"Guy Phonely",Corporate
GP-47402,"Guy Phonely",Corporate
GR-145601,"Georgia Rosenberg",Corporate
GR-145602,"Georgia Rosenberg",Corporate
GR-145603,"Georgia Rosenberg",Corporate
GR-145604,"Georgia Rosenberg",Corporate
GR-45601,"Georgia Rosenberg",Corporate
GR-45602,"Georgia Rosenberg",Corporate
GT-146351,"Grant Thornton",Corporate
GT-146352,"Grant Thornton",Corporate
GT-146353,"Grant Thornton",Corporate
GT-146354,"Grant Thornton",Corporate
GT-147101,"Greg Tran",Consumer
GT-147102,"Greg Tran",Consumer
GT-147103,"Greg Tran",Consumer
GT-147104,"Greg Tran",Consumer
GT-147551,"Guy Thornton",Consumer
GT-147552,"Guy Thornton",Consumer
GT-147553,"Guy Thornton",Consumer
GT-147554,"Guy Thornton",Consumer
GT-46351,"Grant Thornton",Corporate
GT-46352,"Grant Thornton",Corporate
GT-47101,"Greg Tran",Consumer
GT-47102,"Greg Tran",Consumer
GT-47551,"Guy Thornton",Consumer
GT-47552,"Guy Thornton",Consumer
GT-47553,"Guy Thornton",Consumer
GW-146051,"Giulietta Weimer",Consumer
GW-146052,"Giulietta Weimer",Consumer
GW-146053,"Giulietta Weimer",Consumer
GW-146054,"Giulietta Weimer",Consumer
GW-46051,"Giulietta Weimer",Consumer
GW-46052,"Giulietta Weimer",Consumer
GZ-144701,"Gary Zandusky",Consumer
GZ-144702,"Gary Zandusky",Consumer
GZ-144703,"Gary Zandusky",Consumer
GZ-144704,"Gary Zandusky",Consumer
GZ-145451,"George Zrebassa",Corporate
GZ-145452,"George Zrebassa",Corporate
GZ-145453,"George Zrebassa",Corporate
GZ-145454,"George Zrebassa",Corporate
GZ-44701,"Gary Zandusky",Consumer
GZ-44702,"Gary Zandusky",Consumer
GZ-44703,"Gary Zandusky",Consumer
GZ-45451,"George Zrebassa",Corporate
GZ-45452,"George Zrebassa",Corporate
GZ-45453,"George Zrebassa",Corporate
HA-149051,"Helen Abelman",Consumer
HA-149052,"Helen Abelman",Consumer
HA-149053,"Helen Abelman",Consumer
HA-149054,"Helen Abelman",Consumer
HA-149201,"Helen Andreada",Consumer
HA-149202,"Helen Andreada",Consumer
HA-149203,"Helen Andreada",Consumer
HA-149204,"Helen Andreada",Consumer
HA-49051,"Helen Abelman",Consumer
HA-49052,"Helen Abelman",Consumer
HA-49201,"Helen Andreada",Consumer
HA-49202,"Helen Andreada",Consumer
HD-147851,"Harold Dahlen","Home Office"
HD-147852,"Harold Dahlen","Home Office"
HD-147853,"Harold Dahlen","Home Office"
HD-147854,"Harold Dahlen","Home Office"
HD-47851,"Harold Dahlen","Home Office"
HD-47852,"Harold Dahlen","Home Office"
HE-148001,"Harold Engle",Corporate
HE-148002,"Harold Engle",Corporate
HE-148003,"Harold Engle",Corporate
HE-148004,"Harold Engle",Corporate
HE-48001,"Harold Engle",Corporate
HE-48002,"Harold Engle",Corporate
HF-149951,"Herbert Flentye",Consumer
HF-149952,"Herbert Flentye",Consumer
HF-149953,"Herbert Flentye",Consumer
HF-149954,"Herbert Flentye",Consumer
HF-49951,"Herbert Flentye",Consumer
HF-49952,"Herbert Flentye",Consumer
HG-148451,"Harry Greene",Consumer
HG-148452,"Harry Greene",Consumer
HG-148453,"Harry Greene",Consumer
HG-148454,"Harry Greene",Consumer
HG-149651,"Henry Goldwyn",Corporate
HG-149652,"Henry Goldwyn",Corporate
HG-149653,"Henry Goldwyn",Corporate
HG-149654,"Henry Goldwyn",Corporate
HG-150251,"Hunter Glantz",Consumer
HG-150252,"Hunter Glantz",Consumer
HG-150253,"Hunter Glantz",Consumer
HG-150254,"Hunter Glantz",Consumer
HG-48451,"Harry Greene",Consumer
HG-48452,"Harry Greene",Consumer
HG-49651,"Henry Goldwyn",Corporate
HG-49652,"Henry Goldwyn",Corporate
HG-49653,"Henry Goldwyn",Corporate
HG-50251,"Hunter Glantz",Consumer
HG-50252,"Hunter Glantz",Consumer
HH-150101,"Hilary Holden",Corporate
HH-150102,"Hilary Holden",Corporate
HH-150103,"Hilary Holden",Corporate
HH-150104,"Hilary Holden",Corporate
HH-50101,"Hilary Holden",Corporate
HH-50102,"Hilary Holden",Corporate
HJ-148751,"Heather Jas","Home Office"
HJ-148752,"Heather Jas","Home Office"
HJ-148753,"Heather Jas","Home Office"
HJ-148754,"Heather Jas","Home Office"
HJ-48751,"Heather Jas","Home Office"
HJ-48752,"Heather Jas","Home Office"
HK-148901,"Heather Kirkland",Corporate
HK-148902,"Heather Kirkland",Corporate
HK-148903,"Heather Kirkland",Corporate
HK-148904,"Heather Kirkland",Corporate
HK-48901,"Heather Kirkland",Corporate
HK-48902,"Heather Kirkland",Corporate
HK-48903,"Heather Kirkland",Corporate
HL-150401,"Hunter Lopez",Consumer
HL-150402,"Hunter Lopez",Consumer
HL-150403,"Hunter Lopez",Consumer
HL-150404,"Hunter Lopez",Consumer
HL-50401,"Hunter Lopez",Consumer
HL-50402,"Hunter Lopez",Consumer
HM-148601,"Harry Marie",Corporate
HM-148602,"Harry Marie",Corporate
HM-148603,"Harry Marie",Corporate
HM-148604,"Harry Marie",Corporate
HM-149801,"Henry MacAllister",Consumer
HM-149802,"Henry MacAllister",Consumer
HM-149803,"Henry MacAllister",Consumer
HM-149804,"Henry MacAllister",Consumer
HM-48601,"Harry Marie",Corporate
HM-48602,"Harry Marie",Corporate
HM-49801,"Henry MacAllister",Consumer
HM-49802,"Henry MacAllister",Consumer
HP-148151,"Harold Pawlan","Home Office"
HP-148152,"Harold Pawlan","Home Office"
HP-148153,"Harold Pawlan","Home Office"
HP-148154,"Harold Pawlan","Home Office"
HP-48151,"Harold Pawlan","Home Office"
HP-48152,"Harold Pawlan","Home Office"
HR-147701,"Hallie Redmond","Home Office"
HR-147702,"Hallie Redmond","Home Office"
HR-147703,"Hallie Redmond","Home Office"
HR-147704,"Hallie Redmond","Home Office"
HR-148301,"Harold Ryan",Corporate
HR-148302,"Harold Ryan",Corporate
HR-148303,"Harold Ryan",Corporate
HR-148304,"Harold Ryan",Corporate
HR-47701,"Hallie Redmond","Home Office"
HR-47702,"Hallie Redmond","Home Office"
HR-47703,"Hallie Redmond","Home Office"
HR-48301,"Harold Ryan",Corporate
HR-48302,"Harold Ryan",Corporate
HW-149351,"Helen Wasserman",Corporate
HW-149352,"Helen Wasserman",Corporate
HW-149353,"Helen Wasserman",Corporate
HW-149354,"Helen Wasserman",Corporate
HW-49351,"Helen Wasserman",Corporate
HW-49352,"Helen Wasserman",Corporate
HZ-149501,"Henia Zydlo",Consumer
HZ-149502,"Henia Zydlo",Consumer
HZ-149503,"Henia Zydlo",Consumer
HZ-149504,"Henia Zydlo",Consumer
HZ-49501,"Henia Zydlo",Consumer
HZ-49502,"Henia Zydlo",Consumer
IG-150851,"Ivan Gibson",Consumer
IG-150852,"Ivan Gibson",Consumer
IG-150853,"Ivan Gibson",Consumer
IG-150854,"Ivan Gibson",Consumer
IG-50851,"Ivan Gibson",Consumer
IG-50852,"Ivan Gibson",Consumer
IL-151001,"Ivan Liston",Consumer
IL-151002,"Ivan Liston",Consumer
IL-151003,"Ivan Liston",Consumer
IL-151004,"Ivan Liston",Consumer
IL-51001,"Ivan Liston",Consumer
IL-51002,"Ivan Liston",Consumer
IM-150551,"Ionia McGrath",Consumer
IM-150552,"Ionia McGrath",Consumer
IM-150553,"Ionia McGrath",Consumer
IM-150554,"Ionia McGrath",Consumer
IM-150701,"Irene Maddox",Consumer
IM-150702,"Irene Maddox",Consumer
IM-150703,"Irene Maddox",Consumer
IM-150704,"Irene Maddox",Consumer
IM-50551,"Ionia McGrath",Consumer
IM-50552,"Ionia McGrath",Consumer
IM-50701,"Irene Maddox",Consumer
IM-50702,"Irene Maddox",Consumer
JA-159701,"Joseph Airdo",Consumer
JA-159702,"Joseph Airdo",Consumer
JA-159703,"Joseph Airdo",Consumer
JA-159704,"Joseph Airdo",Consumer
JA-59701,"Joseph Airdo",Consumer
JA-59702,"Joseph Airdo",Consumer
JB-154001,"Jennifer Braxton",Corporate
JB-154002,"Jennifer Braxton",Corporate
JB-154003,"Jennifer Braxton",Corporate
JB-154004,"Jennifer Braxton",Corporate
JB-159251,"Joni Blumstein",Consumer
JB-159252,"Joni Blumstein",Consumer
JB-159253,"Joni Blumstein",Consumer
JB-159254,"Joni Blumstein",Consumer
JB-160001,"Joy Bell-",Consumer
JB-160002,"Joy Bell-",Consumer
JB-160003,"Joy Bell-",Consumer
JB-160004,"Joy Bell-",Consumer
JB-160451,"Julia Barnett","Home Office"
JB-160452,"Julia Barnett","Home Office"
JB-160453,"Julia Barnett","Home Office"
JB-160454,"Julia Barnett","Home Office"
JB-54001,"Jennifer Braxton",Corporate
JB-54002,"Jennifer Braxton",Corporate
JB-59251,"Joni Blumstein",Consumer
JB-59252,"Joni Blumstein",Consumer
JB-60001,"Joy Bell-",Consumer
JB-60002,"Joy Bell-",Consumer
JB-60451,"Julia Barnett","Home Office"
JB-60452,"Julia Barnett","Home Office"
JC-153401,"Jasper Cacioppo",Consumer
JC-153402,"Jasper Cacioppo",Consumer
JC-153403,"Jasper Cacioppo",Consumer
JC-153404,"Jasper Cacioppo",Consumer
JC-153851,"Jenna Caffey",Consumer
JC-153852,"Jenna Caffey",Consumer
JC-153853,"Jenna Caffey",Consumer
JC-153854,"Jenna Caffey",Consumer
JC-157751,"John Castell",Consumer
JC-157752,"John Castell",Consumer
JC-157753,"John Castell",Consumer
JC-157754,"John Castell",Consumer
JC-161051,"Julie Creighton",Corporate
JC-161052,"Julie Creighton",Corporate
JC-161053,"Julie Creighton",Corporate
JC-161054,"Julie Creighton",Corporate
JC-53401,"Jasper Cacioppo",Consumer
JC-53402,"Jasper Cacioppo",Consumer
JC-53851,"Jenna Caffey",Consumer
JC-53852,"Jenna Caffey",Consumer
JC-57751,"John Castell",Consumer
JC-57752,"John Castell",Consumer
JC-61051,"Julie Creighton",Corporate
JC-61052,"Julie Creighton",Corporate
JD-157901,"John Dryer",Consumer
JD-157902,"John Dryer",Consumer
JD-157903,"John Dryer",Consumer
JD-157904,"John Dryer",Consumer
JD-158951,"Jonathan Doherty",Corporate
JD-158952,"Jonathan Doherty",Corporate
JD-158953,"Jonathan Doherty",Corporate
JD-158954,"Jonathan Doherty",Corporate
JD-160151,"Joy Daniels",Consumer
JD-160152,"Joy Daniels",Consumer
JD-160153,"Joy Daniels",Consumer
JD-160154,"Joy Daniels",Consumer
JD-160601,"Julia Dunbar",Consumer
JD-160602,"Julia Dunbar",Consumer
JD-160603,"Julia Dunbar",Consumer
JD-160604,"Julia Dunbar",Consumer
JD-161501,"Justin Deggeller",Corporate
JD-161502,"Justin Deggeller",Corporate
JD-161503,"Justin Deggeller",Corporate
JD-161504,"Justin Deggeller",Corporate
JD-57901,"John Dryer",Consumer
JD-57902,"John Dryer",Consumer
JD-58951,"Jonathan Doherty",Corporate
JD-58952,"Jonathan Doherty",Corporate
JD-58953,"Jonathan Doherty",Corporate
JD-60151,"Joy Daniels",Consumer
JD-60152,"Joy Daniels",Consumer
JD-60601,"Julia Dunbar",Consumer
JD-60602,"Julia Dunbar",Consumer
JD-61501,"Justin Deggeller",Corporate
JD-61502,"Justin Deggeller",Corporate
JE-154751,"Jeremy Ellison",Consumer
JE-154752,"Jeremy Ellison",Consumer
JE-154753,"Jeremy Ellison",Consumer
JE-154754,"Jeremy Ellison",Consumer
JE-156101,"Jim Epp",Corporate
JE-156102,"Jim Epp",Corporate
JE-156103,"Jim Epp",Corporate
JE-156104,"Jim Epp",Corporate
JE-157151,"Joe Elijah",Consumer
JE-157152,"Joe Elijah",Consumer
JE-157153,"Joe Elijah",Consumer
JE-157154,"Joe Elijah",Consumer
JE-157451,"Joel Eaton",Consumer
JE-157452,"Joel Eaton",Consumer
JE-157453,"Joel Eaton",Consumer
JE-157454,"Joel Eaton",Consumer
JE-161651,"Justin Ellison",Corporate
JE-161652,"Justin Ellison",Corporate
JE-161653,"Justin Ellison",Corporate
JE-161654,"Justin Ellison",Corporate
JE-54751,"Jeremy Ellison",Consumer
JE-54752,"Jeremy Ellison",Consumer
JE-56101,"Jim Epp",Corporate
JE-56102,"Jim Epp",Corporate
JE-57151,"Joe Elijah",Consumer
JE-57152,"Joe Elijah",Consumer
JE-57451,"Joel Eaton",Consumer
JE-57452,"Joel Eaton",Consumer
JE-61651,"Justin Ellison",Corporate
JE-61652,"Justin Ellison",Corporate
JF-151901,"Jamie Frazer",Consumer
JF-151902,"Jamie Frazer",Consumer
JF-151903,"Jamie Frazer",Consumer
JF-151904,"Jamie Frazer",Consumer
JF-152951,"Jason Fortune-",Consumer
JF-152952,"Jason Fortune-",Consumer
JF-152953,"Jason Fortune-",Consumer
JF-152954,"Jason Fortune-",Consumer
JF-153551,"Jay Fein",Consumer
JF-153552,"Jay Fein",Consumer
JF-153553,"Jay Fein",Consumer
JF-153554,"Jay Fein",Consumer
JF-154151,"Jennifer Ferguson",Consumer
JF-154152,"Jennifer Ferguson",Consumer
JF-154153,"Jennifer Ferguson",Consumer
JF-154154,"Jennifer Ferguson",Consumer
JF-154901,"Jeremy Farry",Consumer
JF-154902,"Jeremy Farry",Consumer
JF-154903,"Jeremy Farry",Consumer
JF-154904,"Jeremy Farry",Consumer
JF-155651,"Jill Fjeld",Consumer
JF-155652,"Jill Fjeld",Consumer
JF-155653,"Jill Fjeld",Consumer
JF-155654,"Jill Fjeld",Consumer
JF-51901,"Jamie Frazer",Consumer
JF-51902,"Jamie Frazer",Consumer
JF-52951,"Jason Fortune-",Consumer
JF-52952,"Jason Fortune-",Consumer
JF-52953,"Jason Fortune-",Consumer
JF-53551,"Jay Fein",Consumer
JF-53552,"Jay Fein",Consumer
JF-54151,"Jennifer Ferguson",Consumer
JF-54152,"Jennifer Ferguson",Consumer
JF-54901,"Jeremy Farry",Consumer
JF-54902,"Jeremy Farry",Consumer
JF-55651,"Jill Fjeld",Consumer
JF-55652,"Jill Fjeld",Consumer
JG-151151,"Jack Garza",Consumer
JG-151152,"Jack Garza",Consumer
JG-151153,"Jack Garza",Consumer
JG-151154,"Jack Garza",Consumer
JG-151601,"James Galang",Consumer
JG-151602,"James Galang",Consumer
JG-151603,"James Galang",Consumer
JG-151604,"James Galang",Consumer
JG-153101,"Jason Gross",Corporate
JG-153102,"Jason Gross",Corporate
JG-153103,"Jason Gross",Corporate
JG-153104,"Jason Gross",Corporate
JG-158051,"John Grady",Corporate
JG-158052,"John Grady",Corporate
JG-158053,"John Grady",Corporate
JG-158054,"John Grady",Corporate
JG-51151,"Jack Garza",Consumer
JG-51152,"Jack Garza",Consumer
JG-51601,"James Galang",Consumer
JG-51602,"James Galang",Consumer
JG-53101,"Jason Gross",Corporate
JG-58051,"John Grady",Corporate
JG-58052,"John Grady",Corporate
JH-154301,"Jennifer Halladay",Consumer
JH-154302,"Jennifer Halladay",Consumer
JH-154303,"Jennifer Halladay",Consumer
JH-154304,"Jennifer Halladay",Consumer
JH-158201,"John Huston",Consumer
JH-158202,"John Huston",Consumer
JH-158203,"John Huston",Consumer
JH-158204,"John Huston",Consumer
JH-159101,"Jonathan Howell",Consumer
JH-159102,"Jonathan Howell",Consumer
JH-159103,"Jonathan Howell",Consumer
JH-159104,"Jonathan Howell",Consumer
JH-159851,"Joseph Holt",Consumer
JH-159852,"Joseph Holt",Consumer
JH-159853,"Joseph Holt",Consumer
JH-159854,"Joseph Holt",Consumer
JH-161801,"Justin Hirsh",Consumer
JH-161802,"Justin Hirsh",Consumer
JH-161803,"Justin Hirsh",Consumer
JH-161804,"Justin Hirsh",Consumer
JH-54301,"Jennifer Halladay",Consumer
JH-54302,"Jennifer Halladay",Consumer
JH-54303,"Jennifer Halladay",Consumer
JH-58201,"John Huston",Consumer
JH-58202,"John Huston",Consumer
JH-59101,"Jonathan Howell",Consumer
JH-59102,"Jonathan Howell",Consumer
JH-59103,"Jonathan Howell",Consumer
JH-59851,"Joseph Holt",Consumer
JH-59852,"Joseph Holt",Consumer
JH-61801,"Justin Hirsh",Consumer
JH-61802,"Justin Hirsh",Consumer
JH-61803,"Justin Hirsh",Consumer
JJ-154451,"Jennifer Jackson",Consumer
JJ-154452,"Jennifer Jackson",Consumer
JJ-154453,"Jennifer Jackson",Consumer
JJ-154454,"Jennifer Jackson",Consumer
JJ-157601,"Joel Jenkins","Home Office"
JJ-157602,"Joel Jenkins","Home Office"
JJ-157603,"Joel Jenkins","Home Office"
JJ-157604,"Joel Jenkins","Home Office"
JJ-54451,"Jennifer Jackson",Consumer
JJ-54452,"Jennifer Jackson",Consumer
JJ-57601,"Joel Jenkins","Home Office"
JJ-57602,"Joel Jenkins","Home Office"
JK-152051,"Jamie Kunitz",Consumer
JK-152052,"Jamie Kunitz",Consumer
JK-152053,"Jamie Kunitz",Consumer
JK-152054,"Jamie Kunitz",Consumer
JK-153251,"Jason Klamczynski",Corporate
JK-153252,"Jason Klamczynski",Corporate
JK-153253,"Jason Klamczynski",Corporate
JK-153254,"Jason Klamczynski",Corporate
JK-153701,"Jay Kimmel",Consumer
JK-153702,"Jay Kimmel",Consumer
JK-153703,"Jay Kimmel",Consumer
JK-153704,"Jay Kimmel",Consumer
JK-156251,"Jim Karlsson",Consumer
JK-156252,"Jim Karlsson",Consumer
JK-156253,"Jim Karlsson",Consumer
JK-156254,"Jim Karlsson",Consumer
JK-156401,"Jim Kriz","Home Office"
JK-156402,"Jim Kriz","Home Office"
JK-156403,"Jim Kriz","Home Office"
JK-156404,"Jim Kriz","Home Office"
JK-157301,"Joe Kamberova",Consumer
JK-157302,"Joe Kamberova",Consumer
JK-157303,"Joe Kamberova",Consumer
JK-157304,"Joe Kamberova",Consumer
JK-160901,"Juliana Krohn",Consumer
JK-160902,"Juliana Krohn",Consumer
JK-160903,"Juliana Krohn",Consumer
JK-160904,"Juliana Krohn",Consumer
JK-161201,"Julie Kriz","Home Office"
JK-161202,"Julie Kriz","Home Office"
JK-161203,"Julie Kriz","Home Office"
JK-161204,"Julie Kriz","Home Office"
JK-52051,"Jamie Kunitz",Consumer
JK-52052,"Jamie Kunitz",Consumer
JK-53251,"Jason Klamczynski",Corporate
JK-53701,"Jay Kimmel",Consumer
JK-53702,"Jay Kimmel",Consumer
JK-56251,"Jim Karlsson",Consumer
JK-56252,"Jim Karlsson",Consumer
JK-56253,"Jim Karlsson",Consumer
JK-56401,"Jim Kriz","Home Office"
JK-56402,"Jim Kriz","Home Office"
JK-57301,"Joe Kamberova",Consumer
JK-57302,"Joe Kamberova",Consumer
JK-60901,"Juliana Krohn",Consumer
JK-60902,"Juliana Krohn",Consumer
JK-60903,"Juliana Krohn",Consumer
JK-61201,"Julie Kriz","Home Office"
JK-61202,"Julie Kriz","Home Office"
JK-61203,"Julie Kriz","Home Office"
JL-151301,"Jack Lebron",Consumer
JL-151302,"Jack Lebron",Consumer
JL-151303,"Jack Lebron",Consumer
JL-151304,"Jack Lebron",Consumer
JL-151751,"James Lanier","Home Office"
JL-151752,"James Lanier","Home Office"
JL-151753,"James Lanier","Home Office"
JL-151754,"James Lanier","Home Office"
JL-152351,"Janet Lee",Consumer
JL-152352,"Janet Lee",Consumer
JL-152353,"Janet Lee",Consumer
JL-152354,"Janet Lee",Consumer
JL-155051,"Jeremy Lonsdale",Consumer
JL-155052,"Jeremy Lonsdale",Consumer
JL-155053,"Jeremy Lonsdale",Consumer
JL-155054,"Jeremy Lonsdale",Consumer
JL-158351,"John Lee",Consumer
JL-158352,"John Lee",Consumer
JL-158353,"John Lee",Consumer
JL-158354,"John Lee",Consumer
JL-158501,"John Lucas",Consumer
JL-158502,"John Lucas",Consumer
JL-158503,"John Lucas",Consumer
JL-158504,"John Lucas",Consumer
JL-51301,"Jack Lebron",Consumer
JL-51302,"Jack Lebron",Consumer
JL-51303,"Jack Lebron",Consumer
JL-51751,"James Lanier","Home Office"
JL-51752,"James Lanier","Home Office"
JL-52351,"Janet Lee",Consumer
JL-52352,"Janet Lee",Consumer
JL-55051,"Jeremy Lonsdale",Consumer
JL-55052,"Jeremy Lonsdale",Consumer
JL-58351,"John Lee",Consumer
JL-58352,"John Lee",Consumer
JL-58501,"John Lucas",Consumer
JL-58502,"John Lucas",Consumer
JM-152501,"Janet Martin",Consumer
JM-152502,"Janet Martin",Consumer
JM-152503,"Janet Martin",Consumer
JM-152504,"Janet Martin",Consumer
JM-152651,"Janet Molinari",Corporate
JM-152652,"Janet Molinari",Corporate
JM-152653,"Janet Molinari",Corporate
JM-152654,"Janet Molinari",Corporate
JM-155351,"Jessica Myrick",Consumer
JM-155352,"Jessica Myrick",Consumer
JM-155353,"Jessica Myrick",Consumer
JM-155354,"Jessica Myrick",Consumer
JM-155801,"Jill Matthias",Consumer
JM-155802,"Jill Matthias",Consumer
JM-155803,"Jill Matthias",Consumer
JM-155804,"Jill Matthias",Consumer
JM-156551,"Jim Mitchum",Corporate
JM-156552,"Jim Mitchum",Corporate
JM-156553,"Jim Mitchum",Corporate
JM-156554,"Jim Mitchum",Corporate
JM-158651,"John Murray",Consumer
JM-158652,"John Murray",Consumer
JM-158653,"John Murray",Consumer
JM-158654,"John Murray",Consumer
JM-161951,"Justin MacKendrick",Consumer
JM-161952,"Justin MacKendrick",Consumer
JM-161953,"Justin MacKendrick",Consumer
JM-161954,"Justin MacKendrick",Consumer
JM-52501,"Janet Martin",Consumer
JM-52502,"Janet Martin",Consumer
JM-52651,"Janet Molinari",Corporate
JM-52652,"Janet Molinari",Corporate
JM-55351,"Jessica Myrick",Consumer
JM-55352,"Jessica Myrick",Consumer
JM-55801,"Jill Matthias",Consumer
JM-55802,"Jill Matthias",Consumer
JM-56551,"Jim Mitchum",Corporate
JM-56552,"Jim Mitchum",Corporate
JM-56553,"Jim Mitchum",Corporate
JM-58651,"John Murray",Consumer
JM-58652,"John Murray",Consumer
JM-58653,"John Murray",Consumer
JM-61951,"Justin MacKendrick",Consumer
JM-61952,"Justin MacKendrick",Consumer
JO-151451,"Jack O'Briant",Corporate
JO-151452,"Jack O'Briant",Corporate
JO-151453,"Jack O'Briant",Corporate
JO-151454,"Jack O'Briant",Corporate
JO-152801,"Jas O'Carroll",Consumer
JO-152802,"Jas O'Carroll",Consumer
JO-152803,"Jas O'Carroll",Consumer
JO-152804,"Jas O'Carroll",Consumer
JO-155501,"Jesus Ocampo","Home Office"
JO-155502,"Jesus Ocampo","Home Office"
JO-155503,"Jesus Ocampo","Home Office"
JO-155504,"Jesus Ocampo","Home Office"
JO-51451,"Jack O'Briant",Corporate
JO-51452,"Jack O'Briant",Corporate
JO-52801,"Jas O'Carroll",Consumer
JO-55501,"Jesus Ocampo","Home Office"
JO-55502,"Jesus Ocampo","Home Office"
JP-154601,"Jennifer Patt",Corporate
JP-154602,"Jennifer Patt",Corporate
JP-154603,"Jennifer Patt",Corporate
JP-154604,"Jennifer Patt",Corporate
JP-155201,"Jeremy Pistek",Consumer
JP-155202,"Jeremy Pistek",Consumer
JP-155203,"Jeremy Pistek",Consumer
JP-155204,"Jeremy Pistek",Consumer
JP-161351,"Julie Prescott","Home Office"
JP-161352,"Julie Prescott","Home Office"
JP-161353,"Julie Prescott","Home Office"
JP-161354,"Julie Prescott","Home Office"
JP-54601,"Jennifer Patt",Corporate
JP-54602,"Jennifer Patt",Corporate
JP-54603,"Jennifer Patt",Corporate
JP-55201,"Jeremy Pistek",Consumer
JP-55202,"Jeremy Pistek",Consumer
JP-55203,"Jeremy Pistek",Consumer
JP-61351,"Julie Prescott","Home Office"
JP-61352,"Julie Prescott","Home Office"
JR-156701,"Jim Radford",Consumer
JR-156702,"Jim Radford",Consumer
JR-156703,"Jim Radford",Consumer
JR-156704,"Jim Radford",Consumer
JR-157001,"Jocasta Rupert",Consumer
JR-157002,"Jocasta Rupert",Consumer
JR-157003,"Jocasta Rupert",Consumer
JR-157004,"Jocasta Rupert",Consumer
JR-162101,"Justin Ritter",Corporate
JR-162102,"Justin Ritter",Corporate
JR-162103,"Justin Ritter",Corporate
JR-162104,"Justin Ritter",Corporate
JR-56701,"Jim Radford",Consumer
JR-56702,"Jim Radford",Consumer
JR-57001,"Jocasta Rupert",Consumer
JR-57002,"Jocasta Rupert",Consumer
JR-62101,"Justin Ritter",Corporate
JR-62102,"Justin Ritter",Corporate
JR-62103,"Justin Ritter",Corporate
JS-155951,"Jill Stevenson",Corporate
JS-155952,"Jill Stevenson",Corporate
JS-155953,"Jill Stevenson",Corporate
JS-155954,"Jill Stevenson",Corporate
JS-156851,"Jim Sink",Corporate
JS-156852,"Jim Sink",Corporate
JS-156853,"Jim Sink",Corporate
JS-156854,"Jim Sink",Corporate
JS-158801,"John Stevenson",Consumer
JS-158802,"John Stevenson",Consumer
JS-158803,"John Stevenson",Consumer
JS-158804,"John Stevenson",Consumer
JS-159401,"Joni Sundaresam","Home Office"
JS-159402,"Joni Sundaresam","Home Office"
JS-159403,"Joni Sundaresam","Home Office"
JS-159404,"Joni Sundaresam","Home Office"
JS-160301,"Joy Smith",Consumer
JS-160302,"Joy Smith",Consumer
JS-160303,"Joy Smith",Consumer
JS-160304,"Joy Smith",Consumer
JS-55951,"Jill Stevenson",Corporate
JS-55952,"Jill Stevenson",Corporate
JS-55953,"Jill Stevenson",Corporate
JS-56851,"Jim Sink",Corporate
JS-56852,"Jim Sink",Corporate
JS-58801,"John Stevenson",Consumer
JS-58802,"John Stevenson",Consumer
JS-59401,"Joni Sundaresam","Home Office"
JS-59402,"Joni Sundaresam","Home Office"
JS-59403,"Joni Sundaresam","Home Office"
JS-60301,"Joy Smith",Consumer
JS-60302,"Joy Smith",Consumer
JS-60303,"Joy Smith",Consumer
JW-152201,"Jane Waco",Corporate
JW-152202,"Jane Waco",Corporate
JW-152203,"Jane Waco",Corporate
JW-152204,"Jane Waco",Corporate
JW-159551,"Joni Wasserman",Consumer
JW-159552,"Joni Wasserman",Consumer
JW-159553,"Joni Wasserman",Consumer
JW-159554,"Joni Wasserman",Consumer
JW-160751,"Julia West",Consumer
JW-160752,"Julia West",Consumer
JW-160753,"Julia West",Consumer
JW-160754,"Julia West",Consumer
JW-52201,"Jane Waco",Corporate
JW-52202,"Jane Waco",Corporate
JW-59551,"Joni Wasserman",Consumer
JW-59552,"Joni Wasserman",Consumer
JW-60751,"Julia West",Consumer
JW-60752,"Julia West",Consumer
KA-165251,"Kelly Andreada",Consumer
KA-165252,"Kelly Andreada",Consumer
KA-165253,"Kelly Andreada",Consumer
KA-165254,"Kelly Andreada",Consumer
KA-65251,"Kelly Andreada",Consumer
KA-65252,"Kelly Andreada",Consumer
KB-162401,"Karen Bern",Corporate
KB-162402,"Karen Bern",Corporate
KB-162403,"Karen Bern",Corporate
KB-162404,"Karen Bern",Corporate
KB-163151,"Karl Braun",Consumer
KB-163152,"Karl Braun",Consumer
KB-163153,"Karl Braun",Consumer
KB-163154,"Karl Braun",Consumer
KB-164051,"Katrina Bavinger","Home Office"
KB-164052,"Katrina Bavinger","Home Office"
KB-164053,"Katrina Bavinger","Home Office"
KB-164054,"Katrina Bavinger","Home Office"
KB-165851,"Ken Black",Corporate
KB-165852,"Ken Black",Corporate
KB-165853,"Ken Black",Corporate
KB-165854,"Ken Black",Corporate
KB-166001,"Ken Brennan",Corporate
KB-166002,"Ken Brennan",Corporate
KB-166003,"Ken Brennan",Corporate
KB-166004,"Ken Brennan",Corporate
KB-62401,"Karen Bern",Corporate
KB-62402,"Karen Bern",Corporate
KB-63151,"Karl Braun",Consumer
KB-63152,"Karl Braun",Consumer
KB-64051,"Katrina Bavinger","Home Office"
KB-65851,"Ken Black",Corporate
KB-66001,"Ken Brennan",Corporate
KB-66002,"Ken Brennan",Corporate
KB-66003,"Ken Brennan",Corporate
KC-162551,"Karen Carlisle",Corporate
KC-162552,"Karen Carlisle",Corporate
KC-162553,"Karen Carlisle",Corporate
KC-162554,"Karen Carlisle",Corporate
KC-165401,"Kelly Collister",Consumer
KC-165402,"Kelly Collister",Consumer
KC-165403,"Kelly Collister",Consumer
KC-165404,"Kelly Collister",Consumer
KC-166751,"Kimberly Carter",Corporate
KC-166752,"Kimberly Carter",Corporate
KC-166753,"Kimberly Carter",Corporate
KC-166754,"Kimberly Carter",Corporate
KC-62551,"Karen Carlisle",Corporate
KC-62552,"Karen Carlisle",Corporate
KC-65401,"Kelly Collister",Consumer
KC-65402,"Kelly Collister",Consumer
KC-66751,"Kimberly Carter",Corporate
KC-66752,"Kimberly Carter",Corporate
KD-162701,"Karen Daniels",Consumer
KD-162702,"Karen Daniels",Consumer
KD-162703,"Karen Daniels",Consumer
KD-162704,"Karen Daniels",Consumer
KD-163451,"Katherine Ducich",Consumer
KD-163452,"Katherine Ducich",Consumer
KD-163453,"Katherine Ducich",Consumer
KD-163454,"Katherine Ducich",Consumer
KD-164951,"Keith Dawkins",Corporate
KD-164952,"Keith Dawkins",Corporate
KD-164953,"Keith Dawkins",Corporate
KD-164954,"Keith Dawkins",Corporate
KD-166151,"Ken Dana",Corporate
KD-166152,"Ken Dana",Corporate
KD-166153,"Ken Dana",Corporate
KD-166154,"Ken Dana",Corporate
KD-62701,"Karen Daniels",Consumer
KD-63451,"Katherine Ducich",Consumer
KD-63452,"Katherine Ducich",Consumer
KD-64951,"Keith Dawkins",Corporate
KD-64952,"Keith Dawkins",Corporate
KD-66151,"Ken Dana",Corporate
KE-164201,"Katrina Edelman",Corporate
KE-164202,"Katrina Edelman",Corporate
KE-164203,"Katrina Edelman",Corporate
KE-164204,"Katrina Edelman",Corporate
KE-64201,"Katrina Edelman",Corporate
KE-64202,"Katrina Edelman",Corporate
KF-162851,"Karen Ferguson","Home Office"
KF-162852,"Karen Ferguson","Home Office"
KF-162853,"Karen Ferguson","Home Office"
KF-162854,"Karen Ferguson","Home Office"
KF-62851,"Karen Ferguson","Home Office"
KF-62852,"Karen Ferguson","Home Office"
KH-163301,"Katharine Harms",Corporate
KH-163302,"Katharine Harms",Corporate
KH-163303,"Katharine Harms",Corporate
KH-163304,"Katharine Harms",Corporate
KH-163601,"Katherine Hughes",Consumer
KH-163602,"Katherine Hughes",Consumer
KH-163603,"Katherine Hughes",Consumer
KH-163604,"Katherine Hughes",Consumer
KH-165101,"Keith Herrera",Consumer
KH-165102,"Keith Herrera",Consumer
KH-165103,"Keith Herrera",Consumer
KH-165104,"Keith Herrera",Consumer
KH-166301,"Ken Heidel",Corporate
KH-166302,"Ken Heidel",Corporate
KH-166303,"Ken Heidel",Corporate
KH-166304,"Ken Heidel",Corporate
KH-166901,"Kristen Hastings",Corporate
KH-166902,"Kristen Hastings",Corporate
KH-166903,"Kristen Hastings",Corporate
KH-166904,"Kristen Hastings",Corporate
KH-63301,"Katharine Harms",Corporate
KH-63302,"Katharine Harms",Corporate
KH-63601,"Katherine Hughes",Consumer
KH-63602,"Katherine Hughes",Consumer
KH-65101,"Keith Herrera",Consumer
KH-65102,"Keith Herrera",Consumer
KH-66301,"Ken Heidel",Corporate
KH-66302,"Ken Heidel",Corporate
KH-66901,"Kristen Hastings",Corporate
KH-66902,"Kristen Hastings",Corporate
KH-66903,"Kristen Hastings",Corporate
KL-165551,"Kelly Lampkin",Corporate
KL-165552,"Kelly Lampkin",Corporate
KL-165553,"Kelly Lampkin",Corporate
KL-165554,"Kelly Lampkin",Corporate
KL-166451,"Ken Lonsdale",Consumer
KL-166452,"Ken Lonsdale",Consumer
KL-166453,"Ken Lonsdale",Consumer
KL-166454,"Ken Lonsdale",Consumer
KL-65551,"Kelly Lampkin",Corporate
KL-65552,"Kelly Lampkin",Corporate
KL-66451,"Ken Lonsdale",Consumer
KL-66452,"Ken Lonsdale",Consumer
KM-162251,"Kalyca Meade",Corporate
KM-162252,"Kalyca Meade",Corporate
KM-162253,"Kalyca Meade",Corporate
KM-162254,"Kalyca Meade",Corporate
KM-163751,"Katherine Murray","Home Office"
KM-163752,"Katherine Murray","Home Office"
KM-163753,"Katherine Murray","Home Office"
KM-163754,"Katherine Murray","Home Office"
KM-166601,"Khloe Miller",Consumer
KM-166602,"Khloe Miller",Consumer
KM-166603,"Khloe Miller",Consumer
KM-166604,"Khloe Miller",Consumer
KM-167201,"Kunst Miller",Consumer
KM-167202,"Kunst Miller",Consumer
KM-167203,"Kunst Miller",Consumer
KM-167204,"Kunst Miller",Consumer
KM-62251,"Kalyca Meade",Corporate
KM-62252,"Kalyca Meade",Corporate
KM-63751,"Katherine Murray","Home Office"
KM-63752,"Katherine Murray","Home Office"
KM-63753,"Katherine Murray","Home Office"
KM-66601,"Khloe Miller",Consumer
KM-66602,"Khloe Miller",Consumer
KM-67201,"Kunst Miller",Consumer
KN-163901,"Katherine Nockton",Corporate
KN-163902,"Katherine Nockton",Corporate
KN-163903,"Katherine Nockton",Corporate
KN-163904,"Katherine Nockton",Corporate
KN-164501,"Kean Nguyen",Corporate
KN-164502,"Kean Nguyen",Corporate
KN-164503,"Kean Nguyen",Corporate
KN-164504,"Kean Nguyen",Corporate
KN-167051,"Kristina Nunn","Home Office"
KN-167052,"Kristina Nunn","Home Office"
KN-167053,"Kristina Nunn","Home Office"
KN-167054,"Kristina Nunn","Home Office"
KN-63901,"Katherine Nockton",Corporate
KN-63902,"Katherine Nockton",Corporate
KN-64501,"Kean Nguyen",Corporate
KN-64502,"Kean Nguyen",Corporate
KN-67051,"Kristina Nunn","Home Office"
KN-67052,"Kristina Nunn","Home Office"
KS-163001,"Karen Seio",Corporate
KS-163002,"Karen Seio",Corporate
KS-163003,"Karen Seio",Corporate
KS-163004,"Karen Seio",Corporate
KS-63001,"Karen Seio",Corporate
KS-63002,"Karen Seio",Corporate
KT-164651,"Kean Takahito",Consumer
KT-164652,"Kean Takahito",Consumer
KT-164653,"Kean Takahito",Consumer
KT-164654,"Kean Takahito",Consumer
KT-164801,"Kean Thornton",Consumer
KT-164802,"Kean Thornton",Consumer
KT-164803,"Kean Thornton",Consumer
KT-164804,"Kean Thornton",Consumer
KT-64651,"Kean Takahito",Consumer
KT-64652,"Kean Takahito",Consumer
KT-64653,"Kean Takahito",Consumer
KT-64801,"Kean Thornton",Consumer
KT-64802,"Kean Thornton",Consumer
KW-164351,"Katrina Willman",Consumer
KW-164352,"Katrina Willman",Consumer
KW-164353,"Katrina Willman",Consumer
KW-164354,"Katrina Willman",Consumer
KW-165701,"Kelly Williams",Consumer
KW-165702,"Kelly Williams",Consumer
KW-165703,"Kelly Williams",Consumer
KW-165704,"Kelly Williams",Consumer
KW-64351,"Katrina Willman",Consumer
KW-65701,"Kelly Williams",Consumer
KW-65702,"Kelly Williams",Consumer
LA-167801,"Laura Armstrong",Corporate
LA-167802,"Laura Armstrong",Corporate
LA-167803,"Laura Armstrong",Corporate
LA-167804,"Laura Armstrong",Corporate
LA-67801,"Laura Armstrong",Corporate
LA-67802,"Laura Armstrong",Corporate
LB-167351,"Larry Blacks",Consumer
LB-167352,"Larry Blacks",Consumer
LB-167353,"Larry Blacks",Consumer
LB-167354,"Larry Blacks",Consumer
LB-167951,"Laurel Beltran","Home Office"
LB-167952,"Laurel Beltran","Home Office"
LB-167953,"Laurel Beltran","Home Office"
LB-167954,"Laurel Beltran","Home Office"
LB-67351,"Larry Blacks",Consumer
LB-67352,"Larry Blacks",Consumer
LB-67353,"Larry Blacks",Consumer
LB-67951,"Laurel Beltran","Home Office"
LB-67952,"Laurel Beltran","Home Office"
LC-168701,"Lena Cacioppo",Consumer
LC-168702,"Lena Cacioppo",Consumer
LC-168703,"Lena Cacioppo",Consumer
LC-168704,"Lena Cacioppo",Consumer
LC-168851,"Lena Creighton",Consumer
LC-168852,"Lena Creighton",Consumer
LC-168853,"Lena Creighton",Consumer
LC-168854,"Lena Creighton",Consumer
LC-169301,"Linda Cazamias",Corporate
LC-169302,"Linda Cazamias",Corporate
LC-169303,"Linda Cazamias",Corporate
LC-169304,"Linda Cazamias",Corporate
LC-169601,"Lindsay Castell","Home Office"
LC-169602,"Lindsay Castell","Home Office"
LC-169603,"Lindsay Castell","Home Office"
LC-169604,"Lindsay Castell","Home Office"
LC-170501,"Liz Carlisle",Consumer
LC-170502,"Liz Carlisle",Consumer
LC-170503,"Liz Carlisle",Consumer
LC-170504,"Liz Carlisle",Consumer
LC-171401,"Logan Currie",Consumer
LC-171402,"Logan Currie",Consumer
LC-171403,"Logan Currie",Consumer
LC-171404,"Logan Currie",Consumer
LC-68701,"Lena Cacioppo",Consumer
LC-68702,"Lena Cacioppo",Consumer
LC-68851,"Lena Creighton",Consumer
LC-68852,"Lena Creighton",Consumer
LC-68853,"Lena Creighton",Consumer
LC-69301,"Linda Cazamias",Corporate
LC-69302,"Linda Cazamias",Corporate
LC-69601,"Lindsay Castell","Home Office"
LC-69602,"Lindsay Castell","Home Office"
LC-70501,"Liz Carlisle",Consumer
LC-70502,"Liz Carlisle",Consumer
LC-71401,"Logan Currie",Consumer
LC-71402,"Logan Currie",Consumer
LC-71403,"Logan Currie",Consumer
LD-168551,"Lela Donovan",Corporate
LD-168552,"Lela Donovan",Corporate
LD-168553,"Lela Donovan",Corporate
LD-168554,"Lela Donovan",Corporate
LD-170051,"Lisa DeCherney",Consumer
LD-170052,"Lisa DeCherney",Consumer
LD-170053,"Lisa DeCherney",Consumer
LD-170054,"Lisa DeCherney",Consumer
LD-68551,"Lela Donovan",Corporate
LD-68552,"Lela Donovan",Corporate
LD-70051,"Lisa DeCherney",Consumer
LD-70052,"Lisa DeCherney",Consumer
LD-70053,"Lisa DeCherney",Consumer
LE-168101,"Laurel Elliston",Consumer
LE-168102,"Laurel Elliston",Consumer
LE-168103,"Laurel Elliston",Consumer
LE-168104,"Laurel Elliston",Consumer
LE-68101,"Laurel Elliston",Consumer
LF-171851,"Luke Foster",Consumer
LF-171852,"Luke Foster",Consumer
LF-171853,"Luke Foster",Consumer
LF-171854,"Luke Foster",Consumer
LF-71851,"Luke Foster",Consumer
LF-71852,"Luke Foster",Consumer
LH-167501,"Larry Hughes",Consumer
LH-167502,"Larry Hughes",Consumer
LH-167503,"Larry Hughes",Consumer
LH-167504,"Larry Hughes",Consumer
LH-169001,"Lena Hernandez",Consumer
LH-169002,"Lena Hernandez",Consumer
LH-169003,"Lena Hernandez",Consumer
LH-169004,"Lena Hernandez",Consumer
LH-170201,"Lisa Hazard",Consumer
LH-170202,"Lisa Hazard",Consumer
LH-170203,"Lisa Hazard",Consumer
LH-170204,"Lisa Hazard",Consumer
LH-171551,"Logan Haushalter",Consumer
LH-171552,"Logan Haushalter",Consumer
LH-171553,"Logan Haushalter",Consumer
LH-171554,"Logan Haushalter",Consumer
LH-67501,"Larry Hughes",Consumer
LH-67502,"Larry Hughes",Consumer
LH-69001,"Lena Hernandez",Consumer
LH-69002,"Lena Hernandez",Consumer
LH-70201,"Lisa Hazard",Consumer
LH-70202,"Lisa Hazard",Consumer
LH-71551,"Logan Haushalter",Consumer
LH-71552,"Logan Haushalter",Consumer
LH-71553,"Logan Haushalter",Consumer
LL-168401,"Lauren Leatherbury",Consumer
LL-168402,"Lauren Leatherbury",Consumer
LL-168403,"Lauren Leatherbury",Consumer
LL-168404,"Lauren Leatherbury",Consumer
LL-68401,"Lauren Leatherbury",Consumer
LL-68402,"Lauren Leatherbury",Consumer
LM-170651,"Liz MacKendrick",Consumer
LM-170652,"Liz MacKendrick",Consumer
LM-170653,"Liz MacKendrick",Consumer
LM-170654,"Liz MacKendrick",Consumer
LM-70651,"Liz MacKendrick",Consumer
LM-70652,"Liz MacKendrick",Consumer
LO-171701,"Lori Olson",Corporate
LO-171702,"Lori Olson",Corporate
LO-171703,"Lori Olson",Corporate
LO-171704,"Lori Olson",Corporate
LO-71701,"Lori Olson",Corporate
LO-71702,"Lori Olson",Corporate
LP-170801,"Liz Pelletier",Consumer
LP-170802,"Liz Pelletier",Consumer
LP-170803,"Liz Pelletier",Consumer
LP-170804,"Liz Pelletier",Consumer
LP-170951,"Liz Preis",Consumer
LP-170952,"Liz Preis",Consumer
LP-170953,"Liz Preis",Consumer
LP-170954,"Liz Preis",Consumer
LP-70801,"Liz Pelletier",Consumer
LP-70802,"Liz Pelletier",Consumer
LP-70951,"Liz Preis",Consumer
LP-70952,"Liz Preis",Consumer
LP-70953,"Liz Preis",Consumer
LR-169151,"Lena Radford",Consumer
LR-169152,"Lena Radford",Consumer
LR-169153,"Lena Radford",Consumer
LR-169154,"Lena Radford",Consumer
LR-170351,"Lisa Ryan",Corporate
LR-170352,"Lisa Ryan",Corporate
LR-170353,"Lisa Ryan",Corporate
LR-170354,"Lisa Ryan",Corporate
LR-69151,"Lena Radford",Consumer
LR-69152,"Lena Radford",Consumer
LR-70351,"Lisa Ryan",Corporate
LR-70352,"Lisa Ryan",Corporate
LS-169451,"Linda Southworth",Corporate
LS-169452,"Linda Southworth",Corporate
LS-169453,"Linda Southworth",Corporate
LS-169454,"Linda Southworth",Corporate
LS-169751,"Lindsay Shagiari","Home Office"
LS-169752,"Lindsay Shagiari","Home Office"
LS-169753,"Lindsay Shagiari","Home Office"
LS-169754,"Lindsay Shagiari","Home Office"
LS-172001,"Luke Schmidt",Corporate
LS-172002,"Luke Schmidt",Corporate
LS-172003,"Luke Schmidt",Corporate
LS-172004,"Luke Schmidt",Corporate
LS-172301,"Lycoris Saunders",Consumer
LS-172302,"Lycoris Saunders",Consumer
LS-172303,"Lycoris Saunders",Consumer
LS-172304,"Lycoris Saunders",Consumer
LS-172451,"Lynn Smith",Consumer
LS-172452,"Lynn Smith",Consumer
LS-172453,"Lynn Smith",Consumer
LS-172454,"Lynn Smith",Consumer
LS-69451,"Linda Southworth",Corporate
LS-69452,"Linda Southworth",Corporate
LS-69453,"Linda Southworth",Corporate
LS-69751,"Lindsay Shagiari","Home Office"
LS-69752,"Lindsay Shagiari","Home Office"
LS-69753,"Lindsay Shagiari","Home Office"
LS-72001,"Luke Schmidt",Corporate
LS-72301,"Lycoris Saunders",Consumer
LS-72302,"Lycoris Saunders",Consumer
LS-72451,"Lynn Smith",Consumer
LS-72452,"Lynn Smith",Consumer
LT-167651,"Larry Tron",Consumer
LT-167652,"Larry Tron",Consumer
LT-167653,"Larry Tron",Consumer
LT-167654,"Larry Tron",Consumer
LT-171101,"Liz Thompson",Consumer
LT-171102,"Liz Thompson",Consumer
LT-171103,"Liz Thompson",Consumer
LT-171104,"Liz Thompson",Consumer
LT-67651,"Larry Tron",Consumer
LT-67652,"Larry Tron",Consumer
LT-67653,"Larry Tron",Consumer
LT-71101,"Liz Thompson",Consumer
LT-71102,"Liz Thompson",Consumer
LW-168251,"Laurel Workman",Corporate
LW-168252,"Laurel Workman",Corporate
LW-168253,"Laurel Workman",Corporate
LW-168254,"Laurel Workman",Corporate
LW-169901,"Lindsay Williams",Corporate
LW-169902,"Lindsay Williams",Corporate
LW-169903,"Lindsay Williams",Corporate
LW-169904,"Lindsay Williams",Corporate
LW-171251,"Liz Willingham",Consumer
LW-171252,"Liz Willingham",Consumer
LW-171253,"Liz Willingham",Consumer
LW-171254,"Liz Willingham",Consumer
LW-172151,"Luke Weiss",Consumer
LW-172152,"Luke Weiss",Consumer
LW-172153,"Luke Weiss",Consumer
LW-172154,"Luke Weiss",Consumer
LW-68251,"Laurel Workman",Corporate
LW-68252,"Laurel Workman",Corporate
LW-69901,"Lindsay Williams",Corporate
LW-69902,"Lindsay Williams",Corporate
LW-71251,"Liz Willingham",Consumer
LW-71252,"Liz Willingham",Consumer
LW-72151,"Luke Weiss",Consumer
LW-72152,"Luke Weiss",Consumer
LW-72153,"Luke Weiss",Consumer
MA-175601,"Matt Abelman","Home Office"
MA-175602,"Matt Abelman","Home Office"
MA-175603,"Matt Abelman","Home Office"
MA-175604,"Matt Abelman","Home Office"
MA-179951,"Michelle Arnett","Home Office"
MA-179952,"Michelle Arnett","Home Office"
MA-179953,"Michelle Arnett","Home Office"
MA-179954,"Michelle Arnett","Home Office"
MA-75601,"Matt Abelman","Home Office"
MA-75602,"Matt Abelman","Home Office"
MA-79951,"Michelle Arnett","Home Office"
MA-79952,"Michelle Arnett","Home Office"
MA-79953,"Michelle Arnett","Home Office"
MB-173051,"Maria Bertelson",Consumer
MB-173052,"Maria Bertelson",Consumer
MB-173053,"Maria Bertelson",Consumer
MB-173054,"Maria Bertelson",Consumer
MB-180851,"Mick Brown",Consumer
MB-180852,"Mick Brown",Consumer
MB-180853,"Mick Brown",Consumer
MB-180854,"Mick Brown",Consumer
MB-73051,"Maria Bertelson",Consumer
MB-73052,"Maria Bertelson",Consumer
MB-80851,"Mick Brown",Consumer
MB-80852,"Mick Brown",Consumer
MC-172751,"Marc Crier",Consumer
MC-172752,"Marc Crier",Consumer
MC-172753,"Marc Crier",Consumer
MC-172754,"Marc Crier",Consumer
MC-174251,"Mark Cousins",Corporate
MC-174252,"Mark Cousins",Corporate
MC-174253,"Mark Cousins",Corporate
MC-174254,"Mark Cousins",Corporate
MC-175751,"Matt Collins",Consumer
MC-175752,"Matt Collins",Consumer
MC-175753,"Matt Collins",Consumer
MC-175754,"Matt Collins",Consumer
MC-175901,"Matt Collister",Corporate
MC-175902,"Matt Collister",Corporate
MC-175903,"Matt Collister",Corporate
MC-175904,"Matt Collister",Corporate
MC-176051,"Matt Connell",Corporate
MC-176052,"Matt Connell",Corporate
MC-176053,"Matt Connell",Corporate
MC-176054,"Matt Connell",Corporate
MC-176351,"Matthew Clasen",Corporate
MC-176352,"Matthew Clasen",Corporate
MC-176353,"Matthew Clasen",Corporate
MC-176354,"Matthew Clasen",Corporate
MC-178451,"Michael Chen",Consumer
MC-178452,"Michael Chen",Consumer
MC-178453,"Michael Chen",Consumer
MC-178454,"Michael Chen",Consumer
MC-181001,"Mick Crebagga",Consumer
MC-181002,"Mick Crebagga",Consumer
MC-181003,"Mick Crebagga",Consumer
MC-181004,"Mick Crebagga",Consumer
MC-181301,"Mike Caudle",Corporate
MC-181302,"Mike Caudle",Corporate
MC-181303,"Mike Caudle",Corporate
MC-181304,"Mike Caudle",Corporate
MC-72751,"Marc Crier",Consumer
MC-72752,"Marc Crier",Consumer
MC-74251,"Mark Cousins",Corporate
MC-74252,"Mark Cousins",Corporate
MC-75751,"Matt Collins",Consumer
MC-75752,"Matt Collins",Consumer
MC-75901,"Matt Collister",Corporate
MC-75902,"Matt Collister",Corporate
MC-76051,"Matt Connell",Corporate
MC-76052,"Matt Connell",Corporate
MC-76351,"Matthew Clasen",Corporate
MC-76352,"Matthew Clasen",Corporate
MC-78451,"Michael Chen",Consumer
MC-78452,"Michael Chen",Consumer
MC-81001,"Mick Crebagga",Consumer
MC-81301,"Mike Caudle",Corporate
MC-81302,"Mike Caudle",Corporate
MD-173501,"Maribeth Dona",Consumer
MD-173502,"Maribeth Dona",Consumer
MD-173503,"Maribeth Dona",Consumer
MD-173504,"Maribeth Dona",Consumer
MD-178601,"Michael Dominguez",Corporate
MD-178602,"Michael Dominguez",Corporate
MD-178603,"Michael Dominguez",Corporate
MD-178604,"Michael Dominguez",Corporate
MD-73501,"Maribeth Dona",Consumer
MD-73502,"Maribeth Dona",Consumer
MD-73503,"Maribeth Dona",Consumer
MD-78601,"Michael Dominguez",Corporate
ME-173201,"Maria Etezadi","Home Office"
ME-173202,"Maria Etezadi","Home Office"
ME-173203,"Maria Etezadi","Home Office"
ME-173204,"Maria Etezadi","Home Office"
ME-177251,"Max Engle",Consumer
ME-177252,"Max Engle",Consumer
ME-177253,"Max Engle",Consumer
ME-177254,"Max Engle",Consumer
ME-180101,"Michelle Ellison",Corporate
ME-180102,"Michelle Ellison",Corporate
ME-180103,"Michelle Ellison",Corporate
ME-180104,"Michelle Ellison",Corporate
ME-73201,"Maria Etezadi","Home Office"
ME-73202,"Maria Etezadi","Home Office"
ME-77251,"Max Engle",Consumer
ME-77252,"Max Engle",Consumer
ME-77253,"Max Engle",Consumer
ME-80101,"Michelle Ellison",Corporate
MF-176651,"Maureen Fritzler",Corporate
MF-176652,"Maureen Fritzler",Corporate
MF-176653,"Maureen Fritzler",Corporate
MF-176654,"Maureen Fritzler",Corporate
MF-182501,"Monica Federle",Corporate
MF-182502,"Monica Federle",Corporate
MF-182503,"Monica Federle",Corporate
MF-182504,"Monica Federle",Corporate
MF-76651,"Maureen Fritzler",Corporate
MF-76652,"Maureen Fritzler",Corporate
MF-82501,"Monica Federle",Corporate
MF-82502,"Monica Federle",Corporate
MG-176501,"Matthew Grinstein","Home Office"
MG-176502,"Matthew Grinstein","Home Office"
MG-176503,"Matthew Grinstein","Home Office"
MG-176504,"Matthew Grinstein","Home Office"
MG-176801,"Maureen Gastineau","Home Office"
MG-176802,"Maureen Gastineau","Home Office"
MG-176803,"Maureen Gastineau","Home Office"
MG-176804,"Maureen Gastineau","Home Office"
MG-176951,"Maureen Gnade",Consumer
MG-176952,"Maureen Gnade",Consumer
MG-176953,"Maureen Gnade",Consumer
MG-176954,"Maureen Gnade",Consumer
MG-178751,"Michael Grace","Home Office"
MG-178752,"Michael Grace","Home Office"
MG-178753,"Michael Grace","Home Office"
MG-178754,"Michael Grace","Home Office"
MG-178901,"Michael Granlund","Home Office"
MG-178902,"Michael Granlund","Home Office"
MG-178903,"Michael Granlund","Home Office"
MG-178904,"Michael Granlund","Home Office"
MG-181451,"Mike Gockenbach",Consumer
MG-181452,"Mike Gockenbach",Consumer
MG-181453,"Mike Gockenbach",Consumer
MG-181454,"Mike Gockenbach",Consumer
MG-182051,"Mitch Gastineau",Corporate
MG-182052,"Mitch Gastineau",Corporate
MG-182053,"Mitch Gastineau",Corporate
MG-182054,"Mitch Gastineau",Corporate
MG-76501,"Matthew Grinstein","Home Office"
MG-76801,"Maureen Gastineau","Home Office"
MG-76802,"Maureen Gastineau","Home Office"
MG-76951,"Maureen Gnade",Consumer
MG-76952,"Maureen Gnade",Consumer
MG-78751,"Michael Grace","Home Office"
MG-78901,"Michael Granlund","Home Office"
MG-81451,"Mike Gockenbach",Consumer
MG-81452,"Mike Gockenbach",Consumer
MG-82051,"Mitch Gastineau",Corporate
MG-82052,"Mitch Gastineau",Corporate
MG-82053,"Mitch Gastineau",Corporate
MH-172901,"Marc Harrigan","Home Office"
MH-172902,"Marc Harrigan","Home Office"
MH-172903,"Marc Harrigan","Home Office"
MH-172904,"Marc Harrigan","Home Office"
MH-174401,"Mark Haberlin",Corporate
MH-174402,"Mark Haberlin",Corporate
MH-174403,"Mark Haberlin",Corporate
MH-174404,"Mark Haberlin",Corporate
MH-174551,"Mark Hamilton",Consumer
MH-174552,"Mark Hamilton",Consumer
MH-174553,"Mark Hamilton",Consumer
MH-174554,"Mark Hamilton",Consumer
MH-176201,"Matt Hagelstein",Corporate
MH-176202,"Matt Hagelstein",Corporate
MH-176203,"Matt Hagelstein",Corporate
MH-176204,"Matt Hagelstein",Corporate
MH-177851,"Maya Herman",Corporate
MH-177852,"Maya Herman",Corporate
MH-177853,"Maya Herman",Corporate
MH-177854,"Maya Herman",Corporate
MH-180251,"Michelle Huthwaite",Consumer
MH-180252,"Michelle Huthwaite",Consumer
MH-180253,"Michelle Huthwaite",Consumer
MH-180254,"Michelle Huthwaite",Consumer
MH-181151,"Mick Hernandez","Home Office"
MH-181152,"Mick Hernandez","Home Office"
MH-181153,"Mick Hernandez","Home Office"
MH-181154,"Mick Hernandez","Home Office"
MH-72901,"Marc Harrigan","Home Office"
MH-74401,"Mark Haberlin",Corporate
MH-74402,"Mark Haberlin",Corporate
MH-74403,"Mark Haberlin",Corporate
MH-74551,"Mark Hamilton",Consumer
MH-74552,"Mark Hamilton",Consumer
MH-76201,"Matt Hagelstein",Corporate
MH-76202,"Matt Hagelstein",Corporate
MH-76203,"Matt Hagelstein",Corporate
MH-77851,"Maya Herman",Corporate
MH-77852,"Maya Herman",Corporate
MH-80251,"Michelle Huthwaite",Consumer
MH-80252,"Michelle Huthwaite",Consumer
MH-80253,"Michelle Huthwaite",Consumer
MH-81151,"Mick Hernandez","Home Office"
MH-81152,"Mick Hernandez","Home Office"
MJ-177401,"Max Jones",Consumer
MJ-177402,"Max Jones",Consumer
MJ-177403,"Max Jones",Consumer
MJ-177404,"Max Jones",Consumer
MJ-77401,"Max Jones",Consumer
MJ-77402,"Max Jones",Consumer
MK-179051,"Michael Kennedy",Corporate
MK-179052,"Michael Kennedy",Corporate
MK-179053,"Michael Kennedy",Corporate
MK-179054,"Michael Kennedy",Corporate
MK-181601,"Mike Kennedy",Consumer
MK-181602,"Mike Kennedy",Consumer
MK-181603,"Mike Kennedy",Consumer
MK-181604,"Mike Kennedy",Consumer
MK-79051,"Michael Kennedy",Corporate
MK-79052,"Michael Kennedy",Corporate
MK-79053,"Michael Kennedy",Corporate
MK-81601,"Mike Kennedy",Consumer
MK-81602,"Mike Kennedy",Consumer
MK-81603,"Mike Kennedy",Consumer
ML-173951,"Marina Lichtenstein",Corporate
ML-173952,"Marina Lichtenstein",Corporate
ML-173953,"Marina Lichtenstein",Corporate
ML-173954,"Marina Lichtenstein",Corporate
ML-174101,"Maris LaWare",Consumer
ML-174102,"Maris LaWare",Consumer
ML-174103,"Maris LaWare",Consumer
ML-174104,"Maris LaWare",Consumer
ML-177551,"Max Ludwig","Home Office"
ML-177552,"Max Ludwig","Home Office"
ML-177553,"Max Ludwig","Home Office"
ML-177554,"Max Ludwig","Home Office"
ML-180401,"Michelle Lonsdale",Corporate
ML-180402,"Michelle Lonsdale",Corporate
ML-180403,"Michelle Lonsdale",Corporate
ML-180404,"Michelle Lonsdale",Corporate
ML-182651,"Muhammed Lee",Consumer
ML-182652,"Muhammed Lee",Consumer
ML-182653,"Muhammed Lee",Consumer
ML-182654,"Muhammed Lee",Consumer
ML-73951,"Marina Lichtenstein",Corporate
ML-73952,"Marina Lichtenstein",Corporate
ML-74101,"Maris LaWare",Consumer
ML-77551,"Max Ludwig","Home Office"
ML-77552,"Max Ludwig","Home Office"
ML-77553,"Max Ludwig","Home Office"
ML-80401,"Michelle Lonsdale",Corporate
ML-80402,"Michelle Lonsdale",Corporate
ML-80403,"Michelle Lonsdale",Corporate
ML-82651,"Muhammed Lee",Consumer
ML-82652,"Muhammed Lee",Consumer
MM-172601,"Magdelene Morse",Consumer
MM-172602,"Magdelene Morse",Consumer
MM-172603,"Magdelene Morse",Consumer
MM-172604,"Magdelene Morse",Consumer
MM-179201,"Michael Moore",Consumer
MM-179202,"Michael Moore",Consumer
MM-179203,"Michael Moore",Consumer
MM-179204,"Michael Moore",Consumer
MM-180551,"Michelle Moray",Consumer
MM-180552,"Michelle Moray",Consumer
MM-180553,"Michelle Moray",Consumer
MM-180554,"Michelle Moray",Consumer
MM-182801,"Muhammed MacIntyre",Corporate
MM-182802,"Muhammed MacIntyre",Corporate
MM-182803,"Muhammed MacIntyre",Corporate
MM-182804,"Muhammed MacIntyre",Corporate
MM-72601,"Magdelene Morse",Consumer
MM-72602,"Magdelene Morse",Consumer
MM-72603,"Magdelene Morse",Consumer
MM-79201,"Michael Moore",Consumer
MM-79202,"Michael Moore",Consumer
MM-80551,"Michelle Moray",Consumer
MM-80552,"Michelle Moray",Consumer
MM-82801,"Muhammed MacIntyre",Corporate
MM-82802,"Muhammed MacIntyre",Corporate
MN-179351,"Michael Nguyen",Consumer
MN-179352,"Michael Nguyen",Consumer
MN-179353,"Michael Nguyen",Consumer
MN-179354,"Michael Nguyen",Consumer
MN-79351,"Michael Nguyen",Consumer
MN-79352,"Michael Nguyen",Consumer
MO-175001,"Mary O'Rourke",Consumer
MO-175002,"Mary O'Rourke",Consumer
MO-175003,"Mary O'Rourke",Consumer
MO-175004,"Mary O'Rourke",Consumer
MO-178001,"Meg O'Connel","Home Office"
MO-178002,"Meg O'Connel","Home Office"
MO-178003,"Meg O'Connel","Home Office"
MO-178004,"Meg O'Connel","Home Office"
MO-179501,"Michael Oakman",Consumer
MO-179502,"Michael Oakman",Consumer
MO-179503,"Michael Oakman",Consumer
MO-179504,"Michael Oakman",Consumer
MO-75001,"Mary O'Rourke",Consumer
MO-75002,"Mary O'Rourke",Consumer
MO-78001,"Meg O'Connel","Home Office"
MO-78002,"Meg O'Connel","Home Office"
MO-79501,"Michael Oakman",Consumer
MO-79502,"Michael Oakman",Consumer
MP-174701,"Mark Packer","Home Office"
MP-174702,"Mark Packer","Home Office"
MP-174703,"Mark Packer","Home Office"
MP-174704,"Mark Packer","Home Office"
MP-179651,"Michael Paige",Corporate
MP-179652,"Michael Paige",Corporate
MP-179653,"Michael Paige",Corporate
MP-179654,"Michael Paige",Corporate
MP-181751,"Mike Pelletier","Home Office"
MP-181752,"Mike Pelletier","Home Office"
MP-181753,"Mike Pelletier","Home Office"
MP-181754,"Mike Pelletier","Home Office"
MP-74701,"Mark Packer","Home Office"
MP-79651,"Michael Paige",Corporate
MP-79652,"Michael Paige",Corporate
MP-81751,"Mike Pelletier","Home Office"
MP-81752,"Mike Pelletier","Home Office"
MR-175451,"Mathew Reese","Home Office"
MR-175452,"Mathew Reese","Home Office"
MR-175453,"Mathew Reese","Home Office"
MR-175454,"Mathew Reese","Home Office"
MR-75451,"Mathew Reese","Home Office"
MR-75452,"Mathew Reese","Home Office"
MS-173651,"Maribeth Schnelling",Consumer
MS-173652,"Maribeth Schnelling",Consumer
MS-173653,"Maribeth Schnelling",Consumer
MS-173654,"Maribeth Schnelling",Consumer
MS-175301,"MaryBeth Skach",Consumer
MS-175302,"MaryBeth Skach",Consumer
MS-175303,"MaryBeth Skach",Consumer
MS-175304,"MaryBeth Skach",Consumer
MS-177101,"Maurice Satty",Consumer
MS-177102,"Maurice Satty",Consumer
MS-177103,"Maurice Satty",Consumer
MS-177104,"Maurice Satty",Consumer
MS-177701,"Maxwell Schwartz",Consumer
MS-177702,"Maxwell Schwartz",Consumer
MS-177703,"Maxwell Schwartz",Consumer
MS-177704,"Maxwell Schwartz",Consumer
MS-178301,"Melanie Seite",Consumer
MS-178302,"Melanie Seite",Consumer
MS-178303,"Melanie Seite",Consumer
MS-178304,"Melanie Seite",Consumer
MS-179801,"Michael Stewart",Corporate
MS-179802,"Michael Stewart",Corporate
MS-179803,"Michael Stewart",Corporate
MS-179804,"Michael Stewart",Corporate
MS-73651,"Maribeth Schnelling",Consumer
MS-73652,"Maribeth Schnelling",Consumer
MS-75301,"MaryBeth Skach",Consumer
MS-75302,"MaryBeth Skach",Consumer
MS-77101,"Maurice Satty",Consumer
MS-77102,"Maurice Satty",Consumer
MS-77701,"Maxwell Schwartz",Consumer
MS-77702,"Maxwell Schwartz",Consumer
MS-78301,"Melanie Seite",Consumer
MS-78302,"Melanie Seite",Consumer
MS-79801,"Michael Stewart",Corporate
MS-79802,"Michael Stewart",Corporate
MT-178151,"Meg Tillman",Consumer
MT-178152,"Meg Tillman",Consumer
MT-178153,"Meg Tillman",Consumer
MT-178154,"Meg Tillman",Consumer
MT-180701,"Michelle Tran","Home Office"
MT-180702,"Michelle Tran","Home Office"
MT-180703,"Michelle Tran","Home Office"
MT-180704,"Michelle Tran","Home Office"
MT-78151,"Meg Tillman",Consumer
MT-78152,"Meg Tillman",Consumer
MT-80701,"Michelle Tran","Home Office"
MT-80702,"Michelle Tran","Home Office"
MV-174851,"Mark Van Huff",Consumer
MV-174852,"Mark Van Huff",Consumer
MV-174853,"Mark Van Huff",Consumer
MV-174854,"Mark Van Huff",Consumer
MV-181901,"Mike Vittorini",Consumer
MV-181902,"Mike Vittorini",Consumer
MV-181903,"Mike Vittorini",Consumer
MV-181904,"Mike Vittorini",Consumer
MV-74851,"Mark Van Huff",Consumer
MV-74852,"Mark Van Huff",Consumer
MV-81901,"Mike Vittorini",Consumer
MV-81902,"Mike Vittorini",Consumer
MW-182201,"Mitch Webber",Consumer
MW-182202,"Mitch Webber",Consumer
MW-182203,"Mitch Webber",Consumer
MW-182204,"Mitch Webber",Consumer
MW-182351,"Mitch Willingham",Corporate
MW-182352,"Mitch Willingham",Corporate
MW-182353,"Mitch Willingham",Corporate
MW-182354,"Mitch Willingham",Corporate
MW-82201,"Mitch Webber",Consumer
MW-82202,"Mitch Webber",Consumer
MW-82351,"Mitch Willingham",Corporate
MW-82352,"Mitch Willingham",Corporate
MY-173801,"Maribeth Yedwab",Corporate
MY-173802,"Maribeth Yedwab",Corporate
MY-173803,"Maribeth Yedwab",Corporate
MY-173804,"Maribeth Yedwab",Corporate
MY-182951,"Muhammed Yedwab",Corporate
MY-182952,"Muhammed Yedwab",Corporate
MY-182953,"Muhammed Yedwab",Corporate
MY-182954,"Muhammed Yedwab",Corporate
MY-73801,"Maribeth Yedwab",Corporate
MY-73802,"Maribeth Yedwab",Corporate
MY-82951,"Muhammed Yedwab",Corporate
MY-82952,"Muhammed Yedwab",Corporate
MZ-173351,"Maria Zettner","Home Office"
MZ-173352,"Maria Zettner","Home Office"
MZ-173353,"Maria Zettner","Home Office"
MZ-173354,"Maria Zettner","Home Office"
MZ-175151,"Mary Zewe",Corporate
MZ-175152,"Mary Zewe",Corporate
MZ-175153,"Mary Zewe",Corporate
MZ-175154,"Mary Zewe",Corporate
MZ-73351,"Maria Zettner","Home Office"
MZ-73352,"Maria Zettner","Home Office"
MZ-75151,"Mary Zewe",Corporate
MZ-75152,"Mary Zewe",Corporate
MZ-75153,"Mary Zewe",Corporate
NB-185801,"Nicole Brennan",Corporate
NB-185802,"Nicole Brennan",Corporate
NB-185803,"Nicole Brennan",Corporate
NB-185804,"Nicole Brennan",Corporate
NB-186551,"Nona Balk",Corporate
NB-186552,"Nona Balk",Corporate
NB-186553,"Nona Balk",Corporate
NB-186554,"Nona Balk",Corporate
NB-85801,"Nicole Brennan",Corporate
NB-85802,"Nicole Brennan",Corporate
NB-85803,"Nicole Brennan",Corporate
NB-86551,"Nona Balk",Corporate
NB-86552,"Nona Balk",Corporate
NC-183401,"Nat Carroll",Consumer
NC-183402,"Nat Carroll",Consumer
NC-183403,"Nat Carroll",Consumer
NC-183404,"Nat Carroll",Consumer
NC-184151,"Nathan Cano",Consumer
NC-184152,"Nathan Cano",Consumer
NC-184153,"Nathan Cano",Consumer
NC-184154,"Nathan Cano",Consumer
NC-185351,"Nick Crebassa",Corporate
NC-185352,"Nick Crebassa",Corporate
NC-185353,"Nick Crebassa",Corporate
NC-185354,"Nick Crebassa",Corporate
NC-186251,"Noah Childs",Corporate
NC-186252,"Noah Childs",Corporate
NC-186253,"Noah Childs",Corporate
NC-186254,"Noah Childs",Corporate
NC-83401,"Nat Carroll",Consumer
NC-83402,"Nat Carroll",Consumer
NC-83403,"Nat Carroll",Consumer
NC-84151,"Nathan Cano",Consumer
NC-84152,"Nathan Cano",Consumer
NC-85351,"Nick Crebassa",Corporate
NC-85352,"Nick Crebassa",Corporate
NC-86251,"Noah Childs",Corporate
NC-86252,"Noah Childs",Corporate
ND-183701,"Natalie DeCherney",Consumer
ND-183702,"Natalie DeCherney",Consumer
ND-183703,"Natalie DeCherney",Consumer
ND-183704,"Natalie DeCherney",Consumer
ND-184601,"Neil Ducich",Corporate
ND-184602,"Neil Ducich",Corporate
ND-184603,"Neil Ducich",Corporate
ND-184604,"Neil Ducich",Corporate
ND-83701,"Natalie DeCherney",Consumer
ND-83702,"Natalie DeCherney",Consumer
ND-84601,"Neil Ducich",Corporate
ND-84602,"Neil Ducich",Corporate
ND-84603,"Neil Ducich",Corporate
NF-183851,"Natalie Fritzler",Consumer
NF-183852,"Natalie Fritzler",Consumer
NF-183853,"Natalie Fritzler",Consumer
NF-183854,"Natalie Fritzler",Consumer
NF-184751,"Neil Französisch","Home Office"
NF-184752,"Neil Französisch","Home Office"
NF-184753,"Neil Französisch","Home Office"
NF-184754,"Neil Französisch","Home Office"
NF-185951,"Nicole Fjeld","Home Office"
NF-185952,"Nicole Fjeld","Home Office"
NF-185953,"Nicole Fjeld","Home Office"
NF-185954,"Nicole Fjeld","Home Office"
NF-83851,"Natalie Fritzler",Consumer
NF-83852,"Natalie Fritzler",Consumer
NF-83853,"Natalie Fritzler",Consumer
NF-84751,"Neil Französisch","Home Office"
NF-84752,"Neil Französisch","Home Office"
NF-84753,"Neil Französisch","Home Office"
NF-85951,"Nicole Fjeld","Home Office"
NF-85952,"Nicole Fjeld","Home Office"
NG-183551,"Nat Gilpin",Corporate
NG-183552,"Nat Gilpin",Corporate
NG-183553,"Nat Gilpin",Corporate
NG-183554,"Nat Gilpin",Corporate
NG-184301,"Nathan Gelder",Consumer
NG-184302,"Nathan Gelder",Consumer
NG-184303,"Nathan Gelder",Consumer
NG-184304,"Nathan Gelder",Consumer
NG-83551,"Nat Gilpin",Corporate
NG-83552,"Nat Gilpin",Corporate
NG-83553,"Nat Gilpin",Corporate
NG-84301,"Nathan Gelder",Consumer
NG-84302,"Nathan Gelder",Consumer
NG-84303,"Nathan Gelder",Consumer
NH-186101,"Nicole Hansen",Corporate
NH-186102,"Nicole Hansen",Corporate
NH-186103,"Nicole Hansen",Corporate
NH-186104,"Nicole Hansen",Corporate
NH-86101,"Nicole Hansen",Corporate
NH-86102,"Nicole Hansen",Corporate
NH-86103,"Nicole Hansen",Corporate
NK-184901,"Neil Knudson","Home Office"
NK-184902,"Neil Knudson","Home Office"
NK-184903,"Neil Knudson","Home Office"
NK-184904,"Neil Knudson","Home Office"
NK-84901,"Neil Knudson","Home Office"
NL-183101,"Nancy Lomonaco","Home Office"
NL-183102,"Nancy Lomonaco","Home Office"
NL-183103,"Nancy Lomonaco","Home Office"
NL-183104,"Nancy Lomonaco","Home Office"
NL-83101,"Nancy Lomonaco","Home Office"
NL-83102,"Nancy Lomonaco","Home Office"
NM-184451,"Nathan Mautz","Home Office"
NM-184452,"Nathan Mautz","Home Office"
NM-184453,"Nathan Mautz","Home Office"
NM-184454,"Nathan Mautz","Home Office"
NM-185201,"Neoma Murray",Consumer
NM-185202,"Neoma Murray",Consumer
NM-185203,"Neoma Murray",Consumer
NM-185204,"Neoma Murray",Consumer
NM-84451,"Nathan Mautz","Home Office"
NM-84452,"Nathan Mautz","Home Office"
NM-84453,"Nathan Mautz","Home Office"
NM-85201,"Neoma Murray",Consumer
NP-183251,"Naresj Patel",Consumer
NP-183252,"Naresj Patel",Consumer
NP-183253,"Naresj Patel",Consumer
NP-183254,"Naresj Patel",Consumer
NP-186701,"Nora Paige",Consumer
NP-186702,"Nora Paige",Consumer
NP-186703,"Nora Paige",Consumer
NP-186704,"Nora Paige",Consumer
NP-186851,"Nora Pelletier","Home Office"
NP-186852,"Nora Pelletier","Home Office"
NP-186853,"Nora Pelletier","Home Office"
NP-186854,"Nora Pelletier","Home Office"
NP-187001,"Nora Preis",Consumer
NP-187002,"Nora Preis",Consumer
NP-187003,"Nora Preis",Consumer
NP-187004,"Nora Preis",Consumer
NP-83251,"Naresj Patel",Consumer
NP-83252,"Naresj Patel",Consumer
NP-83253,"Naresj Patel",Consumer
NP-86701,"Nora Paige",Consumer
NP-86702,"Nora Paige",Consumer
NP-86851,"Nora Pelletier","Home Office"
NP-86852,"Nora Pelletier","Home Office"
NP-87001,"Nora Preis",Consumer
NP-87002,"Nora Preis",Consumer
NR-185501,"Nick Radford",Consumer
NR-185502,"Nick Radford",Consumer
NR-185503,"Nick Radford",Consumer
NR-185504,"Nick Radford",Consumer
NR-85501,"Nick Radford",Consumer
NR-85502,"Nick Radford",Consumer
NS-185051,"Neola Schneider",Consumer
NS-185052,"Neola Schneider",Consumer
NS-185053,"Neola Schneider",Consumer
NS-185054,"Neola Schneider",Consumer
NS-186401,"Noel Staavos",Corporate
NS-186402,"Noel Staavos",Corporate
NS-186403,"Noel Staavos",Corporate
NS-186404,"Noel Staavos",Corporate
NS-85051,"Neola Schneider",Consumer
NS-85052,"Neola Schneider",Consumer
NS-86401,"Noel Staavos",Corporate
NS-86402,"Noel Staavos",Corporate
NW-184001,"Natalie Webber",Consumer
NW-184002,"Natalie Webber",Consumer
NW-184003,"Natalie Webber",Consumer
NW-184004,"Natalie Webber",Consumer
NW-84001,"Natalie Webber",Consumer
NW-84002,"Natalie Webber",Consumer
NW-84003,"Natalie Webber",Consumer
NZ-185651,"Nick Zandusky","Home Office"
NZ-185652,"Nick Zandusky","Home Office"
NZ-185653,"Nick Zandusky","Home Office"
NZ-185654,"Nick Zandusky","Home Office"
NZ-85651,"Nick Zandusky","Home Office"
ON-187151,"Odella Nelson",Corporate
ON-187152,"Odella Nelson",Corporate
ON-187153,"Odella Nelson",Corporate
ON-187154,"Odella Nelson",Corporate
ON-87151,"Odella Nelson",Corporate
ON-87152,"Odella Nelson",Corporate
OT-187301,"Olvera Toch",Consumer
OT-187302,"Olvera Toch",Consumer
OT-187303,"Olvera Toch",Consumer
OT-187304,"Olvera Toch",Consumer
OT-87301,"Olvera Toch",Consumer
OT-87302,"Olvera Toch",Consumer
PA-190601,"Pete Armstrong","Home Office"
PA-190602,"Pete Armstrong","Home Office"
PA-190603,"Pete Armstrong","Home Office"
PA-190604,"Pete Armstrong","Home Office"
PA-90601,"Pete Armstrong","Home Office"
PA-90602,"Pete Armstrong","Home Office"
PB-188051,"Patrick Bzostek","Home Office"
PB-188052,"Patrick Bzostek","Home Office"
PB-188053,"Patrick Bzostek","Home Office"
PB-188054,"Patrick Bzostek","Home Office"
PB-191051,"Peter Bühler",Consumer
PB-191052,"Peter Bühler",Consumer
PB-191053,"Peter Bühler",Consumer
PB-191054,"Peter Bühler",Consumer
PB-191501,"Philip Brown",Consumer
PB-191502,"Philip Brown",Consumer
PB-191503,"Philip Brown",Consumer
PB-191504,"Philip Brown",Consumer
PB-192101,"Phillip Breyer",Corporate
PB-192102,"Phillip Breyer",Corporate
PB-192103,"Phillip Breyer",Corporate
PB-192104,"Phillip Breyer",Corporate
PB-88051,"Patrick Bzostek","Home Office"
PB-88052,"Patrick Bzostek","Home Office"
PB-88053,"Patrick Bzostek","Home Office"
PB-91051,"Peter Bühler",Consumer
PB-91501,"Philip Brown",Consumer
PB-91502,"Philip Brown",Consumer
PB-92101,"Phillip Breyer",Corporate
PB-92102,"Phillip Breyer",Corporate
PC-187451,"Pamela Coakley",Corporate
PC-187452,"Pamela Coakley",Corporate
PC-187453,"Pamela Coakley",Corporate
PC-187454,"Pamela Coakley",Corporate
PC-190001,"Pauline Chand","Home Office"
PC-190002,"Pauline Chand","Home Office"
PC-190003,"Pauline Chand","Home Office"
PC-190004,"Pauline Chand","Home Office"
PC-87451,"Pamela Coakley",Corporate
PC-87452,"Pamela Coakley",Corporate
PC-90001,"Pauline Chand","Home Office"
PC-90002,"Pauline Chand","Home Office"
PF-191201,"Peter Fuller",Consumer
PF-191202,"Peter Fuller",Consumer
PF-191203,"Peter Fuller",Consumer
PF-191204,"Peter Fuller",Consumer
PF-191651,"Philip Fox",Consumer
PF-191652,"Philip Fox",Consumer
PF-191653,"Philip Fox",Consumer
PF-191654,"Philip Fox",Consumer
PF-192251,"Phillip Flathmann",Consumer
PF-192252,"Phillip Flathmann",Consumer
PF-192253,"Phillip Flathmann",Consumer
PF-192254,"Phillip Flathmann",Consumer
PF-91201,"Peter Fuller",Consumer
PF-91202,"Peter Fuller",Consumer
PF-91203,"Peter Fuller",Consumer
PF-91651,"Philip Fox",Consumer
PF-91652,"Philip Fox",Consumer
PF-92251,"Phillip Flathmann",Consumer
PF-92252,"Phillip Flathmann",Consumer
PG-188201,"Patrick Gardner",Consumer
PG-188202,"Patrick Gardner",Consumer
PG-188203,"Patrick Gardner",Consumer
PG-188204,"Patrick Gardner",Consumer
PG-188951,"Paul Gonzalez",Consumer
PG-188952,"Paul Gonzalez",Consumer
PG-188953,"Paul Gonzalez",Consumer
PG-188954,"Paul Gonzalez",Consumer
PG-88201,"Patrick Gardner",Consumer
PG-88202,"Patrick Gardner",Consumer
PG-88951,"Paul Gonzalez",Consumer
PG-88952,"Paul Gonzalez",Consumer
PH-187901,"Patricia Hirasaki","Home Office"
PH-187902,"Patricia Hirasaki","Home Office"
PH-187903,"Patricia Hirasaki","Home Office"
PH-187904,"Patricia Hirasaki","Home Office"
PH-87901,"Patricia Hirasaki","Home Office"
PH-87902,"Patricia Hirasaki","Home Office"
PJ-188351,"Patrick Jones",Corporate
PJ-188352,"Patrick Jones",Corporate
PJ-188353,"Patrick Jones",Corporate
PJ-188354,"Patrick Jones",Corporate
PJ-190151,"Pauline Johnson",Consumer
PJ-190152,"Pauline Johnson",Consumer
PJ-190153,"Pauline Johnson",Consumer
PJ-190154,"Pauline Johnson",Consumer
PJ-88351,"Patrick Jones",Corporate
PJ-88352,"Patrick Jones",Corporate
PJ-90151,"Pauline Johnson",Consumer
PJ-90152,"Pauline Johnson",Consumer
PK-189101,"Paul Knutson","Home Office"
PK-189102,"Paul Knutson","Home Office"
PK-189103,"Paul Knutson","Home Office"
PK-189104,"Paul Knutson","Home Office"
PK-190751,"Pete Kriz",Consumer
PK-190752,"Pete Kriz",Consumer
PK-190753,"Pete Kriz",Consumer
PK-190754,"Pete Kriz",Consumer
PK-89101,"Paul Knutson","Home Office"
PK-90751,"Pete Kriz",Consumer
PK-90752,"Pete Kriz",Consumer
PL-189251,"Paul Lucas","Home Office"
PL-189252,"Paul Lucas","Home Office"
PL-189253,"Paul Lucas","Home Office"
PL-189254,"Paul Lucas","Home Office"
PL-89251,"Paul Lucas","Home Office"
PL-89252,"Paul Lucas","Home Office"
PM-189401,"Paul MacIntyre",Consumer
PM-189402,"Paul MacIntyre",Consumer
PM-189403,"Paul MacIntyre",Consumer
PM-189404,"Paul MacIntyre",Consumer
PM-191351,"Peter McVee","Home Office"
PM-191352,"Peter McVee","Home Office"
PM-191353,"Peter McVee","Home Office"
PM-191354,"Peter McVee","Home Office"
PM-89401,"Paul MacIntyre",Consumer
PM-89402,"Paul MacIntyre",Consumer
PM-91351,"Peter McVee","Home Office"
PM-91352,"Peter McVee","Home Office"
PN-187751,"Parhena Norris","Home Office"
PN-187752,"Parhena Norris","Home Office"
PN-187753,"Parhena Norris","Home Office"
PN-187754,"Parhena Norris","Home Office"
PN-87751,"Parhena Norris","Home Office"
PN-87752,"Parhena Norris","Home Office"
PO-188501,"Patrick O'Brill",Consumer
PO-188502,"Patrick O'Brill",Consumer
PO-188503,"Patrick O'Brill",Consumer
PO-188504,"Patrick O'Brill",Consumer
PO-188651,"Patrick O'Donnell",Consumer
PO-188652,"Patrick O'Donnell",Consumer
PO-188653,"Patrick O'Donnell",Consumer
PO-188654,"Patrick O'Donnell",Consumer
PO-191801,"Philisse Overcash","Home Office"
PO-191802,"Philisse Overcash","Home Office"
PO-191803,"Philisse Overcash","Home Office"
PO-191804,"Philisse Overcash","Home Office"
PO-191951,"Phillina Ober","Home Office"
PO-191952,"Phillina Ober","Home Office"
PO-191953,"Phillina Ober","Home Office"
PO-191954,"Phillina Ober","Home Office"
PO-88501,"Patrick O'Brill",Consumer
PO-88502,"Patrick O'Brill",Consumer
PO-88651,"Patrick O'Donnell",Consumer
PO-88652,"Patrick O'Donnell",Consumer
PO-88653,"Patrick O'Donnell",Consumer
PO-91801,"Philisse Overcash","Home Office"
PO-91802,"Philisse Overcash","Home Office"
PO-91803,"Philisse Overcash","Home Office"
PO-91951,"Phillina Ober","Home Office"
PO-91952,"Phillina Ober","Home Office"
PO-91953,"Phillina Ober","Home Office"
PP-189551,"Paul Prost","Home Office"
PP-189552,"Paul Prost","Home Office"
PP-189553,"Paul Prost","Home Office"
PP-189554,"Paul Prost","Home Office"
PP-89551,"Paul Prost","Home Office"
PP-89552,"Paul Prost","Home Office"
PR-188801,"Patrick Ryan",Consumer
PR-188802,"Patrick Ryan",Consumer
PR-188803,"Patrick Ryan",Consumer
PR-188804,"Patrick Ryan",Consumer
PR-88801,"Patrick Ryan",Consumer
PR-88802,"Patrick Ryan",Consumer
PR-88803,"Patrick Ryan",Consumer
PS-187601,"Pamela Stobb",Consumer
PS-187602,"Pamela Stobb",Consumer
PS-187603,"Pamela Stobb",Consumer
PS-187604,"Pamela Stobb",Consumer
PS-189701,"Paul Stevenson","Home Office"
PS-189702,"Paul Stevenson","Home Office"
PS-189703,"Paul Stevenson","Home Office"
PS-189704,"Paul Stevenson","Home Office"
PS-190451,"Penelope Sewall","Home Office"
PS-190452,"Penelope Sewall","Home Office"
PS-190453,"Penelope Sewall","Home Office"
PS-190454,"Penelope Sewall","Home Office"
PS-87601,"Pamela Stobb",Consumer
PS-87602,"Pamela Stobb",Consumer
PS-89701,"Paul Stevenson","Home Office"
PS-89702,"Paul Stevenson","Home Office"
PS-90451,"Penelope Sewall","Home Office"
PS-90452,"Penelope Sewall","Home Office"
PT-190901,"Pete Takahito",Consumer
PT-190902,"Pete Takahito",Consumer
PT-190903,"Pete Takahito",Consumer
PT-190904,"Pete Takahito",Consumer
PT-90901,"Pete Takahito",Consumer
PT-90902,"Pete Takahito",Consumer
PV-189851,"Paul Van Hugh","Home Office"
PV-189852,"Paul Van Hugh","Home Office"
PV-189853,"Paul Van Hugh","Home Office"
PV-189854,"Paul Van Hugh","Home Office"
PV-89851,"Paul Van Hugh","Home Office"
PV-89852,"Paul Van Hugh","Home Office"
PW-190301,"Pauline Webber",Corporate
PW-190302,"Pauline Webber",Corporate
PW-190303,"Pauline Webber",Corporate
PW-190304,"Pauline Webber",Corporate
PW-192401,"Pierre Wener",Consumer
PW-192402,"Pierre Wener",Consumer
PW-192403,"Pierre Wener",Consumer
PW-192404,"Pierre Wener",Consumer
PW-90301,"Pauline Webber",Corporate
PW-90302,"Pauline Webber",Corporate
PW-92401,"Pierre Wener",Consumer
PW-92402,"Pierre Wener",Consumer
QJ-192551,"Quincy Jones",Corporate
QJ-192552,"Quincy Jones",Corporate
QJ-192553,"Quincy Jones",Corporate
QJ-192554,"Quincy Jones",Corporate
QJ-92551,"Quincy Jones",Corporate
QJ-92552,"Quincy Jones",Corporate
RA-192851,"Ralph Arnett",Consumer
RA-192852,"Ralph Arnett",Consumer
RA-192853,"Ralph Arnett",Consumer
RA-192854,"Ralph Arnett",Consumer
RA-198851,"Ruben Ausman",Corporate
RA-198852,"Ruben Ausman",Corporate
RA-198853,"Ruben Ausman",Corporate
RA-198854,"Ruben Ausman",Corporate
RA-199151,"Russell Applegate",Consumer
RA-199152,"Russell Applegate",Consumer
RA-199153,"Russell Applegate",Consumer
RA-199154,"Russell Applegate",Consumer
RA-199451,"Ryan Akin",Consumer
RA-199452,"Ryan Akin",Consumer
RA-199453,"Ryan Akin",Consumer
RA-199454,"Ryan Akin",Consumer
RA-92851,"Ralph Arnett",Consumer
RA-92852,"Ralph Arnett",Consumer
RA-92853,"Ralph Arnett",Consumer
RA-98851,"Ruben Ausman",Corporate
RA-98852,"Ruben Ausman",Corporate
RA-98853,"Ruben Ausman",Corporate
RA-99151,"Russell Applegate",Consumer
RA-99152,"Russell Applegate",Consumer
RA-99451,"Ryan Akin",Consumer
RA-99452,"Ryan Akin",Consumer
RB-193301,"Randy Bradley",Consumer
RB-193302,"Randy Bradley",Consumer
RB-193303,"Randy Bradley",Consumer
RB-193304,"Randy Bradley",Consumer
RB-193601,"Raymond Buch",Consumer
RB-193602,"Raymond Buch",Consumer
RB-193603,"Raymond Buch",Consumer
RB-193604,"Raymond Buch",Consumer
RB-194351,"Richard Bierner",Consumer
RB-194352,"Richard Bierner",Consumer
RB-194353,"Richard Bierner",Consumer
RB-194354,"Richard Bierner",Consumer
RB-194651,"Rick Bensley","Home Office"
RB-194652,"Rick Bensley","Home Office"
RB-194653,"Rick Bensley","Home Office"
RB-194654,"Rick Bensley","Home Office"
RB-195701,"Rob Beeghly",Consumer
RB-195702,"Rob Beeghly",Consumer
RB-195703,"Rob Beeghly",Consumer
RB-195704,"Rob Beeghly",Consumer
RB-196451,"Robert Barroso",Corporate
RB-196452,"Robert Barroso",Corporate
RB-196453,"Robert Barroso",Corporate
RB-196454,"Robert Barroso",Corporate
RB-197051,"Roger Barcio","Home Office"
RB-197052,"Roger Barcio","Home Office"
RB-197053,"Roger Barcio","Home Office"
RB-197054,"Roger Barcio","Home Office"
RB-197951,"Ross Baird","Home Office"
RB-197952,"Ross Baird","Home Office"
RB-197953,"Ross Baird","Home Office"
RB-197954,"Ross Baird","Home Office"
RB-93301,"Randy Bradley",Consumer
RB-93302,"Randy Bradley",Consumer
RB-93601,"Raymond Buch",Consumer
RB-93602,"Raymond Buch",Consumer
RB-94351,"Richard Bierner",Consumer
RB-94352,"Richard Bierner",Consumer
RB-94651,"Rick Bensley","Home Office"
RB-94652,"Rick Bensley","Home Office"
RB-95701,"Rob Beeghly",Consumer
RB-95702,"Rob Beeghly",Consumer
RB-96451,"Robert Barroso",Corporate
RB-96452,"Robert Barroso",Corporate
RB-97051,"Roger Barcio","Home Office"
RB-97052,"Roger Barcio","Home Office"
RB-97053,"Roger Barcio","Home Office"
RB-97951,"Ross Baird","Home Office"
RB-97952,"Ross Baird","Home Office"
RC-198251,"Roy Collins",Consumer
RC-198252,"Roy Collins",Consumer
RC-198253,"Roy Collins",Consumer
RC-198254,"Roy Collins",Consumer
RC-199601,"Ryan Crowe",Consumer
RC-199602,"Ryan Crowe",Consumer
RC-199603,"Ryan Crowe",Consumer
RC-199604,"Ryan Crowe",Consumer
RC-98251,"Roy Collins",Consumer
RC-99601,"Ryan Crowe",Consumer
RC-99602,"Ryan Crowe",Consumer
RD-194801,"Rick Duston",Consumer
RD-194802,"Rick Duston",Consumer
RD-194803,"Rick Duston",Consumer
RD-194804,"Rick Duston",Consumer
RD-195851,"Rob Dowd",Consumer
RD-195852,"Rob Dowd",Consumer
RD-195853,"Rob Dowd",Consumer
RD-195854,"Rob Dowd",Consumer
RD-196601,"Robert Dilbeck","Home Office"
RD-196602,"Robert Dilbeck","Home Office"
RD-196603,"Robert Dilbeck","Home Office"
RD-196604,"Robert Dilbeck","Home Office"
RD-197201,"Roger Demir",Consumer
RD-197202,"Roger Demir",Consumer
RD-197203,"Roger Demir",Consumer
RD-197204,"Roger Demir",Consumer
RD-198101,"Ross DeVincentis","Home Office"
RD-198102,"Ross DeVincentis","Home Office"
RD-198103,"Ross DeVincentis","Home Office"
RD-198104,"Ross DeVincentis","Home Office"
RD-199001,"Ruben Dartt",Consumer
RD-199002,"Ruben Dartt",Consumer
RD-199003,"Ruben Dartt",Consumer
RD-199004,"Ruben Dartt",Consumer
RD-199301,"Russell D'Ascenzo",Consumer
RD-199302,"Russell D'Ascenzo",Consumer
RD-199303,"Russell D'Ascenzo",Consumer
RD-199304,"Russell D'Ascenzo",Consumer
RD-94801,"Rick Duston",Consumer
RD-94802,"Rick Duston",Consumer
RD-94803,"Rick Duston",Consumer
RD-95851,"Rob Dowd",Consumer
RD-95852,"Rob Dowd",Consumer
RD-96601,"Robert Dilbeck","Home Office"
RD-96602,"Robert Dilbeck","Home Office"
RD-96603,"Robert Dilbeck","Home Office"
RD-97201,"Roger Demir",Consumer
RD-97202,"Roger Demir",Consumer
RD-98101,"Ross DeVincentis","Home Office"
RD-98102,"Ross DeVincentis","Home Office"
RD-99001,"Ruben Dartt",Consumer
RD-99002,"Ruben Dartt",Consumer
RD-99301,"Russell D'Ascenzo",Consumer
RD-99302,"Russell D'Ascenzo",Consumer
RE-194051,"Ricardo Emerson",Consumer
RE-194052,"Ricardo Emerson",Consumer
RE-194053,"Ricardo Emerson",Consumer
RE-194054,"Ricardo Emerson",Consumer
RE-194501,"Richard Eichhorn",Consumer
RE-194502,"Richard Eichhorn",Consumer
RE-194503,"Richard Eichhorn",Consumer
RE-194504,"Richard Eichhorn",Consumer
RE-94051,"Ricardo Emerson",Consumer
RE-94052,"Ricardo Emerson",Consumer
RE-94501,"Richard Eichhorn",Consumer
RE-94502,"Richard Eichhorn",Consumer
RF-193451,"Randy Ferguson",Corporate
RF-193452,"Randy Ferguson",Corporate
RF-193453,"Randy Ferguson",Corporate
RF-193454,"Randy Ferguson",Corporate
RF-197351,"Roland Fjeld",Consumer
RF-197352,"Roland Fjeld",Consumer
RF-197353,"Roland Fjeld",Consumer
RF-197354,"Roland Fjeld",Consumer
RF-198401,"Roy Französisch",Consumer
RF-198402,"Roy Französisch",Consumer
RF-198403,"Roy Französisch",Consumer
RF-198404,"Roy Französisch",Consumer
RF-93451,"Randy Ferguson",Corporate
RF-93452,"Randy Ferguson",Corporate
RF-93453,"Randy Ferguson",Corporate
RF-97351,"Roland Fjeld",Consumer
RF-98401,"Roy Französisch",Consumer
RF-98402,"Roy Französisch",Consumer
RH-194951,"Rick Hansen",Consumer
RH-194952,"Rick Hansen",Consumer
RH-194953,"Rick Hansen",Consumer
RH-194954,"Rick Hansen",Consumer
RH-195101,"Rick Huthwaite","Home Office"
RH-195102,"Rick Huthwaite","Home Office"
RH-195103,"Rick Huthwaite","Home Office"
RH-195104,"Rick Huthwaite","Home Office"
RH-195551,"Ritsa Hightower",Consumer
RH-195552,"Ritsa Hightower",Consumer
RH-195553,"Ritsa Hightower",Consumer
RH-195554,"Ritsa Hightower",Consumer
RH-196001,"Rob Haberlin",Consumer
RH-196002,"Rob Haberlin",Consumer
RH-196003,"Rob Haberlin",Consumer
RH-196004,"Rob Haberlin",Consumer
RH-94951,"Rick Hansen",Consumer
RH-94952,"Rick Hansen",Consumer
RH-95101,"Rick Huthwaite","Home Office"
RH-95102,"Rick Huthwaite","Home Office"
RH-95551,"Ritsa Hightower",Consumer
RH-95552,"Ritsa Hightower",Consumer
RH-96001,"Rob Haberlin",Consumer
RH-96002,"Rob Haberlin",Consumer
RH-96003,"Rob Haberlin",Consumer
RK-193001,"Ralph Kennedy",Consumer
RK-193002,"Ralph Kennedy",Consumer
RK-193003,"Ralph Kennedy",Consumer
RK-193004,"Ralph Kennedy",Consumer
RK-93001,"Ralph Kennedy",Consumer
RK-93002,"Ralph Kennedy",Consumer
RL-196151,"Rob Lucas",Consumer
RL-196152,"Rob Lucas",Consumer
RL-196153,"Rob Lucas",Consumer
RL-196154,"Rob Lucas",Consumer
RL-96151,"Rob Lucas",Consumer
RL-96152,"Rob Lucas",Consumer
RM-193751,"Raymond Messe",Consumer
RM-193752,"Raymond Messe",Consumer
RM-193753,"Raymond Messe",Consumer
RM-193754,"Raymond Messe",Consumer
RM-196751,"Robert Marley","Home Office"
RM-196752,"Robert Marley","Home Office"
RM-196753,"Robert Marley","Home Office"
RM-196754,"Robert Marley","Home Office"
RM-197501,"Roland Murray",Consumer
RM-197502,"Roland Murray",Consumer
RM-197503,"Roland Murray",Consumer
RM-197504,"Roland Murray",Consumer
RM-93751,"Raymond Messe",Consumer
RM-93752,"Raymond Messe",Consumer
RM-96751,"Robert Marley","Home Office"
RM-96752,"Robert Marley","Home Office"
RM-96753,"Robert Marley","Home Office"
RM-97501,"Roland Murray",Consumer
RM-97502,"Roland Murray",Consumer
RO-197801,"Rose O'Brian",Consumer
RO-197802,"Rose O'Brian",Consumer
RO-197803,"Rose O'Brian",Consumer
RO-197804,"Rose O'Brian",Consumer
RO-97801,"Rose O'Brian",Consumer
RO-97802,"Rose O'Brian",Consumer
RP-192701,"Rachel Payne",Corporate
RP-192702,"Rachel Payne",Corporate
RP-192703,"Rachel Payne",Corporate
RP-192704,"Rachel Payne",Corporate
RP-193901,"Resi Pölking",Consumer
RP-193902,"Resi Pölking",Consumer
RP-193903,"Resi Pölking",Consumer
RP-193904,"Resi Pölking",Consumer
RP-198551,"Roy Phan",Corporate
RP-198552,"Roy Phan",Corporate
RP-198553,"Roy Phan",Corporate
RP-198554,"Roy Phan",Corporate
RP-92701,"Rachel Payne",Corporate
RP-92702,"Rachel Payne",Corporate
RP-93901,"Resi Pölking",Consumer
RP-93902,"Resi Pölking",Consumer
RP-98551,"Roy Phan",Corporate
RP-98552,"Roy Phan",Corporate
RR-193151,"Ralph Ritter",Consumer
RR-193152,"Ralph Ritter",Consumer
RR-193153,"Ralph Ritter",Consumer
RR-193154,"Ralph Ritter",Consumer
RR-195251,"Rick Reed",Corporate
RR-195252,"Rick Reed",Corporate
RR-195253,"Rick Reed",Corporate
RR-195254,"Rick Reed",Corporate
RR-93151,"Ralph Ritter",Consumer
RR-93152,"Ralph Ritter",Consumer
RR-95251,"Rick Reed",Corporate
RR-95252,"Rick Reed",Corporate
RS-194201,"Ricardo Sperren",Corporate
RS-194202,"Ricardo Sperren",Corporate
RS-194203,"Ricardo Sperren",Corporate
RS-194204,"Ricardo Sperren",Corporate
RS-197651,"Roland Schwarz",Corporate
RS-197652,"Roland Schwarz",Corporate
RS-197653,"Roland Schwarz",Corporate
RS-197654,"Roland Schwarz",Corporate
RS-198701,"Roy Skaria","Home Office"
RS-198702,"Roy Skaria","Home Office"
RS-198703,"Roy Skaria","Home Office"
RS-198704,"Roy Skaria","Home Office"
RS-94201,"Ricardo Sperren",Corporate
RS-94202,"Ricardo Sperren",Corporate
RS-94203,"Ricardo Sperren",Corporate
RS-97651,"Roland Schwarz",Corporate
RS-97652,"Roland Schwarz",Corporate
RS-98701,"Roy Skaria","Home Office"
RS-98702,"Roy Skaria","Home Office"
RW-195401,"Rick Wilson",Corporate
RW-195402,"Rick Wilson",Corporate
RW-195403,"Rick Wilson",Corporate
RW-195404,"Rick Wilson",Corporate
RW-196301,"Rob Williams",Corporate
RW-196302,"Rob Williams",Corporate
RW-196303,"Rob Williams",Corporate
RW-196304,"Rob Williams",Corporate
RW-196901,"Robert Waldorf",Consumer
RW-196902,"Robert Waldorf",Consumer
RW-196903,"Robert Waldorf",Consumer
RW-196904,"Robert Waldorf",Consumer
RW-95401,"Rick Wilson",Corporate
RW-95402,"Rick Wilson",Corporate
RW-96301,"Rob Williams",Corporate
RW-96302,"Rob Williams",Corporate
RW-96901,"Robert Waldorf",Consumer
RW-96902,"Robert Waldorf",Consumer
SA-108301,"Sue Ann Reed",Consumer
SA-108302,"Sue Ann Reed",Consumer
SA-108303,"Sue Ann Reed",Consumer
SA-208301,"Sue Ann Reed",Consumer
SA-208302,"Sue Ann Reed",Consumer
SA-208303,"Sue Ann Reed",Consumer
SA-208304,"Sue Ann Reed",Consumer
SB-101701,"Sarah Bern",Consumer
SB-101702,"Sarah Bern",Consumer
SB-101851,"Sarah Brown",Consumer
SB-101852,"Sarah Brown",Consumer
SB-102901,"Sean Braxton",Corporate
SB-201701,"Sarah Bern",Consumer
SB-201702,"Sarah Bern",Consumer
SB-201703,"Sarah Bern",Consumer
SB-201704,"Sarah Bern",Consumer
SB-201851,"Sarah Brown",Consumer
SB-201852,"Sarah Brown",Consumer
SB-201853,"Sarah Brown",Consumer
SB-201854,"Sarah Brown",Consumer
SB-202901,"Sean Braxton",Corporate
SB-202902,"Sean Braxton",Corporate
SB-202903,"Sean Braxton",Corporate
SB-202904,"Sean Braxton",Corporate
SC-100201,"Sam Craven",Consumer
SC-100202,"Sam Craven",Consumer
SC-100501,"Sample Company A","Home Office"
SC-100502,"Sample Company A","Home Office"
SC-100951,"Sanjit Chand",Consumer
SC-100952,"Sanjit Chand",Consumer
SC-102301,"Scot Coram",Corporate
SC-102302,"Scot Coram",Corporate
SC-102601,"Scott Cohen",Corporate
SC-102602,"Scott Cohen",Corporate
SC-103051,"Sean Christensen",Consumer
SC-103052,"Sean Christensen",Consumer
SC-103801,"Shahid Collister",Consumer
SC-103802,"Shahid Collister",Consumer
SC-104401,"Shaun Chance",Corporate
SC-104402,"Shaun Chance",Corporate
SC-105751,"Sonia Cooley",Consumer
SC-106801,"Steve Carroll","Home Office"
SC-106802,"Steve Carroll","Home Office"
SC-106951,"Steve Chapman",Corporate
SC-106952,"Steve Chapman",Corporate
SC-107251,"Steven Cartwright",Consumer
SC-107252,"Steven Cartwright",Consumer
SC-107701,"Stewart Carmichael",Corporate
SC-107702,"Stewart Carmichael",Corporate
SC-107703,"Stewart Carmichael",Corporate
SC-108001,"Stuart Calhoun",Consumer
SC-108002,"Stuart Calhoun",Consumer
SC-108451,"Sung Chung",Consumer
SC-108452,"Sung Chung",Consumer
SC-200201,"Sam Craven",Consumer
SC-200202,"Sam Craven",Consumer
SC-200203,"Sam Craven",Consumer
SC-200204,"Sam Craven",Consumer
SC-200501,"Sample Company A","Home Office"
SC-200502,"Sample Company A","Home Office"
SC-200503,"Sample Company A","Home Office"
SC-200504,"Sample Company A","Home Office"
SC-200951,"Sanjit Chand",Consumer
SC-200952,"Sanjit Chand",Consumer
SC-200953,"Sanjit Chand",Consumer
SC-200954,"Sanjit Chand",Consumer
SC-202301,"Scot Coram",Corporate
SC-202302,"Scot Coram",Corporate
SC-202303,"Scot Coram",Corporate
SC-202304,"Scot Coram",Corporate
SC-202601,"Scott Cohen",Corporate
SC-202602,"Scott Cohen",Corporate
SC-202603,"Scott Cohen",Corporate
SC-202604,"Scott Cohen",Corporate
SC-203051,"Sean Christensen",Consumer
SC-203052,"Sean Christensen",Consumer
SC-203053,"Sean Christensen",Consumer
SC-203054,"Sean Christensen",Consumer
SC-203801,"Shahid Collister",Consumer
SC-203802,"Shahid Collister",Consumer
SC-203803,"Shahid Collister",Consumer
SC-203804,"Shahid Collister",Consumer
SC-204401,"Shaun Chance",Corporate
SC-204402,"Shaun Chance",Corporate
SC-204403,"Shaun Chance",Corporate
SC-204404,"Shaun Chance",Corporate
SC-205751,"Sonia Cooley",Consumer
SC-205752,"Sonia Cooley",Consumer
SC-205753,"Sonia Cooley",Consumer
SC-205754,"Sonia Cooley",Consumer
SC-206801,"Steve Carroll","Home Office"
SC-206802,"Steve Carroll","Home Office"
SC-206803,"Steve Carroll","Home Office"
SC-206804,"Steve Carroll","Home Office"
SC-206951,"Steve Chapman",Corporate
SC-206952,"Steve Chapman",Corporate
SC-206953,"Steve Chapman",Corporate
SC-206954,"Steve Chapman",Corporate
SC-207251,"Steven Cartwright",Consumer
SC-207252,"Steven Cartwright",Consumer
SC-207253,"Steven Cartwright",Consumer
SC-207254,"Steven Cartwright",Consumer
SC-207701,"Stewart Carmichael",Corporate
SC-207702,"Stewart Carmichael",Corporate
SC-207703,"Stewart Carmichael",Corporate
SC-207704,"Stewart Carmichael",Corporate
SC-208001,"Stuart Calhoun",Consumer
SC-208002,"Stuart Calhoun",Consumer
SC-208003,"Stuart Calhoun",Consumer
SC-208004,"Stuart Calhoun",Consumer
SC-208451,"Sung Chung",Consumer
SC-208452,"Sung Chung",Consumer
SC-208453,"Sung Chung",Consumer
SC-208454,"Sung Chung",Consumer
SD-104851,"Shirley Daniels","Home Office"
SD-104852,"Shirley Daniels","Home Office"
SD-204851,"Shirley Daniels","Home Office"
SD-204852,"Shirley Daniels","Home Office"
SD-204853,"Shirley Daniels","Home Office"
SD-204854,"Shirley Daniels","Home Office"
SE-101101,"Sanjit Engle",Consumer
SE-101102,"Sanjit Engle",Consumer
SE-201101,"Sanjit Engle",Consumer
SE-201102,"Sanjit Engle",Consumer
SE-201103,"Sanjit Engle",Consumer
SE-201104,"Sanjit Engle",Consumer
SF-100651,"Sandra Flanagan",Consumer
SF-100652,"Sandra Flanagan",Consumer
SF-102001,"Sarah Foster",Consumer
SF-102002,"Sarah Foster",Consumer
SF-109651,"Sylvia Foulston",Corporate
SF-109652,"Sylvia Foulston",Corporate
SF-200651,"Sandra Flanagan",Consumer
SF-200652,"Sandra Flanagan",Consumer
SF-200653,"Sandra Flanagan",Consumer
SF-200654,"Sandra Flanagan",Consumer
SF-202001,"Sarah Foster",Consumer
SF-202002,"Sarah Foster",Consumer
SF-202003,"Sarah Foster",Consumer
SF-202004,"Sarah Foster",Consumer
SF-209651,"Sylvia Foulston",Corporate
SF-209652,"Sylvia Foulston",Corporate
SF-209653,"Sylvia Foulston",Corporate
SF-209654,"Sylvia Foulston",Corporate
SG-100801,"Sandra Glassco",Consumer
SG-100802,"Sandra Glassco",Consumer
SG-100803,"Sandra Glassco",Consumer
SG-104701,"Sheri Gordon",Consumer
SG-104702,"Sheri Gordon",Consumer
SG-106051,"Speros Goranitis",Consumer
SG-106052,"Speros Goranitis",Consumer
SG-108901,"Susan Gilcrest",Corporate
SG-108902,"Susan Gilcrest",Corporate
SG-200801,"Sandra Glassco",Consumer
SG-200802,"Sandra Glassco",Consumer
SG-200803,"Sandra Glassco",Consumer
SG-200804,"Sandra Glassco",Consumer
SG-204701,"Sheri Gordon",Consumer
SG-204702,"Sheri Gordon",Consumer
SG-204703,"Sheri Gordon",Consumer
SG-204704,"Sheri Gordon",Consumer
SG-206051,"Speros Goranitis",Consumer
SG-206052,"Speros Goranitis",Consumer
SG-206053,"Speros Goranitis",Consumer
SG-206054,"Speros Goranitis",Consumer
SG-208901,"Susan Gilcrest",Corporate
SG-208902,"Susan Gilcrest",Corporate
SG-208903,"Susan Gilcrest",Corporate
SG-208904,"Susan Gilcrest",Corporate
SH-103951,"Shahid Hopkins",Consumer
SH-103952,"Shahid Hopkins",Consumer
SH-103953,"Shahid Hopkins",Consumer
SH-106351,"Stefanie Holloman",Corporate
SH-199751,"Sally Hughsby",Corporate
SH-199752,"Sally Hughsby",Corporate
SH-199753,"Sally Hughsby",Corporate
SH-199754,"Sally Hughsby",Corporate
SH-203951,"Shahid Hopkins",Consumer
SH-203952,"Shahid Hopkins",Consumer
SH-203953,"Shahid Hopkins",Consumer
SH-203954,"Shahid Hopkins",Consumer
SH-206351,"Stefanie Holloman",Corporate
SH-206352,"Stefanie Holloman",Corporate
SH-206353,"Stefanie Holloman",Corporate
SH-206354,"Stefanie Holloman",Corporate
SH-99751,"Sally Hughsby",Corporate
SH-99752,"Sally Hughsby",Corporate
SJ-101251,"Sanjit Jacobs","Home Office"
SJ-101252,"Sanjit Jacobs","Home Office"
SJ-101253,"Sanjit Jacobs","Home Office"
SJ-102151,"Sarah Jordon",Consumer
SJ-102152,"Sarah Jordon",Consumer
SJ-102153,"Sarah Jordon",Consumer
SJ-105001,"Shirley Jackson",Consumer
SJ-201251,"Sanjit Jacobs","Home Office"
SJ-201252,"Sanjit Jacobs","Home Office"
SJ-201253,"Sanjit Jacobs","Home Office"
SJ-201254,"Sanjit Jacobs","Home Office"
SJ-202151,"Sarah Jordon",Consumer
SJ-202152,"Sarah Jordon",Consumer
SJ-202153,"Sarah Jordon",Consumer
SJ-202154,"Sarah Jordon",Consumer
SJ-205001,"Shirley Jackson",Consumer
SJ-205002,"Shirley Jackson",Consumer
SJ-205003,"Shirley Jackson",Consumer
SJ-205004,"Shirley Jackson",Consumer
SK-199901,"Sally Knutson",Consumer
SK-199902,"Sally Knutson",Consumer
SK-199903,"Sally Knutson",Consumer
SK-199904,"Sally Knutson",Consumer
SK-99901,"Sally Knutson",Consumer
SK-99902,"Sally Knutson",Consumer
SL-101551,"Sara Luxemburg","Home Office"
SL-101552,"Sara Luxemburg","Home Office"
SL-101553,"Sara Luxemburg","Home Office"
SL-201551,"Sara Luxemburg","Home Office"
SL-201552,"Sara Luxemburg","Home Office"
SL-201553,"Sara Luxemburg","Home Office"
SL-201554,"Sara Luxemburg","Home Office"
SM-100051,"Sally Matthias",Consumer
SM-100052,"Sally Matthias",Consumer
SM-103201,"Sean Miller","Home Office"
SM-103202,"Sean Miller","Home Office"
SM-109051,"Susan MacKendrick",Consumer
SM-109052,"Susan MacKendrick",Consumer
SM-109501,"Suzanne McNair",Corporate
SM-109502,"Suzanne McNair",Corporate
SM-200051,"Sally Matthias",Consumer
SM-200052,"Sally Matthias",Consumer
SM-200053,"Sally Matthias",Consumer
SM-200054,"Sally Matthias",Consumer
SM-203201,"Sean Miller","Home Office"
SM-203202,"Sean Miller","Home Office"
SM-203203,"Sean Miller","Home Office"
SM-203204,"Sean Miller","Home Office"
SM-209051,"Susan MacKendrick",Consumer
SM-209052,"Susan MacKendrick",Consumer
SM-209053,"Susan MacKendrick",Consumer
SM-209054,"Susan MacKendrick",Consumer
SM-209501,"Suzanne McNair",Corporate
SM-209502,"Suzanne McNair",Corporate
SM-209503,"Suzanne McNair",Corporate
SM-209504,"Suzanne McNair",Corporate
SN-105601,"Skye Norling","Home Office"
SN-105602,"Skye Norling","Home Office"
SN-105603,"Skye Norling","Home Office"
SN-107101,"Steve Nguyen","Home Office"
SN-107102,"Steve Nguyen","Home Office"
SN-205601,"Skye Norling","Home Office"
SN-205602,"Skye Norling","Home Office"
SN-205603,"Skye Norling","Home Office"
SN-205604,"Skye Norling","Home Office"
SN-207101,"Steve Nguyen","Home Office"
SN-207102,"Steve Nguyen","Home Office"
SN-207103,"Steve Nguyen","Home Office"
SN-207104,"Steve Nguyen","Home Office"
SO-103351,"Sean O'Donnell",Consumer
SO-103352,"Sean O'Donnell",Consumer
SO-203351,"Sean O'Donnell",Consumer
SO-203352,"Sean O'Donnell",Consumer
SO-203353,"Sean O'Donnell",Consumer
SO-203354,"Sean O'Donnell",Consumer
SP-105451,"Sibella Parks",Corporate
SP-106201,"Stefania Perrino",Corporate
SP-106202,"Stefania Perrino",Corporate
SP-106501,"Stephanie Phelps",Corporate
SP-106502,"Stephanie Phelps",Corporate
SP-108601,"Sung Pak",Corporate
SP-109201,"Susan Pistek",Consumer
SP-109202,"Susan Pistek",Consumer
SP-205451,"Sibella Parks",Corporate
SP-205452,"Sibella Parks",Corporate
SP-205453,"Sibella Parks",Corporate
SP-205454,"Sibella Parks",Corporate
SP-206201,"Stefania Perrino",Corporate
SP-206202,"Stefania Perrino",Corporate
SP-206203,"Stefania Perrino",Corporate
SP-206204,"Stefania Perrino",Corporate
SP-206501,"Stephanie Phelps",Corporate
SP-206502,"Stephanie Phelps",Corporate
SP-206503,"Stephanie Phelps",Corporate
SP-206504,"Stephanie Phelps",Corporate
SP-208601,"Sung Pak",Corporate
SP-208602,"Sung Pak",Corporate
SP-208603,"Sung Pak",Corporate
SP-208604,"Sung Pak",Corporate
SP-209201,"Susan Pistek",Consumer
SP-209202,"Susan Pistek",Consumer
SP-209203,"Susan Pistek",Consumer
SP-209204,"Susan Pistek",Consumer
SR-104251,"Sharelle Roach","Home Office"
SR-104252,"Sharelle Roach","Home Office"
SR-104253,"Sharelle Roach","Home Office"
SR-107401,"Steven Roelle","Home Office"
SR-107402,"Steven Roelle","Home Office"
SR-204251,"Sharelle Roach","Home Office"
SR-204252,"Sharelle Roach","Home Office"
SR-204253,"Sharelle Roach","Home Office"
SR-204254,"Sharelle Roach","Home Office"
SR-207401,"Steven Roelle","Home Office"
SR-207402,"Steven Roelle","Home Office"
SR-207403,"Steven Roelle","Home Office"
SR-207404,"Steven Roelle","Home Office"
SS-101401,"Saphhira Shifley",Corporate
SS-101402,"Saphhira Shifley",Corporate
SS-101403,"Saphhira Shifley",Corporate
SS-104101,"Shahid Shariari",Consumer
SS-104102,"Shahid Shariari",Consumer
SS-104103,"Shahid Shariari",Consumer
SS-105151,"Shirley Schmidt","Home Office"
SS-105152,"Shirley Schmidt","Home Office"
SS-105901,"Sonia Sunley",Consumer
SS-105902,"Sonia Sunley",Consumer
SS-108751,"Sung Shariari",Consumer
SS-108752,"Sung Shariari",Consumer
SS-201401,"Saphhira Shifley",Corporate
SS-201402,"Saphhira Shifley",Corporate
SS-201403,"Saphhira Shifley",Corporate
SS-201404,"Saphhira Shifley",Corporate
SS-204101,"Shahid Shariari",Consumer
SS-204102,"Shahid Shariari",Consumer
SS-204103,"Shahid Shariari",Consumer
SS-204104,"Shahid Shariari",Consumer
SS-205151,"Shirley Schmidt","Home Office"
SS-205152,"Shirley Schmidt","Home Office"
SS-205153,"Shirley Schmidt","Home Office"
SS-205154,"Shirley Schmidt","Home Office"
SS-205901,"Sonia Sunley",Consumer
SS-205902,"Sonia Sunley",Consumer
SS-205903,"Sonia Sunley",Consumer
SS-205904,"Sonia Sunley",Consumer
SS-208751,"Sung Shariari",Consumer
SS-208752,"Sung Shariari",Consumer
SS-208753,"Sung Shariari",Consumer
SS-208754,"Sung Shariari",Consumer
ST-105301,"Shui Tom",Consumer
ST-105302,"Shui Tom",Consumer
ST-205301,"Shui Tom",Consumer
ST-205302,"Shui Tom",Consumer
ST-205303,"Shui Tom",Consumer
ST-205304,"Shui Tom",Consumer
SU-106651,"Stephanie Ulpright","Home Office"
SU-106652,"Stephanie Ulpright","Home Office"
SU-206651,"Stephanie Ulpright","Home Office"
SU-206652,"Stephanie Ulpright","Home Office"
SU-206653,"Stephanie Ulpright","Home Office"
SU-206654,"Stephanie Ulpright","Home Office"
SV-103651,"Seth Vernon",Consumer
SV-103652,"Seth Vernon",Consumer
SV-107851,"Stewart Visinsky",Consumer
SV-107852,"Stewart Visinsky",Consumer
SV-108151,"Stuart Van",Corporate
SV-108152,"Stuart Van",Corporate
SV-108153,"Stuart Van",Corporate
SV-109351,"Susan Vittorini",Consumer
SV-109352,"Susan Vittorini",Consumer
SV-203651,"Seth Vernon",Consumer
SV-203652,"Seth Vernon",Consumer
SV-203653,"Seth Vernon",Consumer
SV-203654,"Seth Vernon",Consumer
SV-207851,"Stewart Visinsky",Consumer
SV-207852,"Stewart Visinsky",Consumer
SV-207853,"Stewart Visinsky",Consumer
SV-207854,"Stewart Visinsky",Consumer
SV-208151,"Stuart Van",Corporate
SV-208152,"Stuart Van",Corporate
SV-208153,"Stuart Van",Corporate
SV-208154,"Stuart Van",Corporate
SV-209351,"Susan Vittorini",Consumer
SV-209352,"Susan Vittorini",Consumer
SV-209353,"Susan Vittorini",Consumer
SV-209354,"Susan Vittorini",Consumer
SW-102451,"Scot Wooten",Consumer
SW-102452,"Scot Wooten",Consumer
SW-102751,"Scott Williamson",Consumer
SW-102752,"Scott Williamson",Consumer
SW-102753,"Scott Williamson",Consumer
SW-103501,"Sean Wendt","Home Office"
SW-103502,"Sean Wendt","Home Office"
SW-104551,"Shaun Weien",Consumer
SW-104552,"Shaun Weien",Consumer
SW-107551,"Steven Ward",Corporate
SW-107552,"Steven Ward",Corporate
SW-107553,"Steven Ward",Corporate
SW-202451,"Scot Wooten",Consumer
SW-202452,"Scot Wooten",Consumer
SW-202453,"Scot Wooten",Consumer
SW-202454,"Scot Wooten",Consumer
SW-202751,"Scott Williamson",Consumer
SW-202752,"Scott Williamson",Consumer
SW-202753,"Scott Williamson",Consumer
SW-202754,"Scott Williamson",Consumer
SW-203501,"Sean Wendt","Home Office"
SW-203502,"Sean Wendt","Home Office"
SW-203503,"Sean Wendt","Home Office"
SW-203504,"Sean Wendt","Home Office"
SW-204551,"Shaun Weien",Consumer
SW-204552,"Shaun Weien",Consumer
SW-204553,"Shaun Weien",Consumer
SW-204554,"Shaun Weien",Consumer
SW-207551,"Steven Ward",Corporate
SW-207552,"Steven Ward",Corporate
SW-207553,"Steven Ward",Corporate
SW-207554,"Steven Ward",Corporate
SZ-100351,"Sam Zeldin","Home Office"
SZ-100352,"Sam Zeldin","Home Office"
SZ-200351,"Sam Zeldin","Home Office"
SZ-200352,"Sam Zeldin","Home Office"
SZ-200353,"Sam Zeldin","Home Office"
SZ-200354,"Sam Zeldin","Home Office"
TA-113851,"Tom Ashbrook","Home Office"
TA-113852,"Tom Ashbrook","Home Office"
TA-213851,"Tom Ashbrook","Home Office"
TA-213852,"Tom Ashbrook","Home Office"
TA-213853,"Tom Ashbrook","Home Office"
TA-213854,"Tom Ashbrook","Home Office"
TB-110551,"Ted Butterfield",Consumer
TB-110552,"Ted Butterfield",Consumer
TB-111751,"Thomas Boland",Corporate
TB-111752,"Thomas Boland",Corporate
TB-111901,"Thomas Brumley","Home Office"
TB-111902,"Thomas Brumley","Home Office"
TB-112501,"Tim Brockman",Consumer
TB-112502,"Tim Brockman",Consumer
TB-112801,"Toby Braunhardt",Consumer
TB-112802,"Toby Braunhardt",Consumer
TB-112803,"Toby Braunhardt",Consumer
TB-113551,"Todd Boyes",Corporate
TB-113552,"Todd Boyes",Corporate
TB-114001,"Tom Boeckenhauer",Consumer
TB-114002,"Tom Boeckenhauer",Consumer
TB-115201,"Tracy Blumstein",Consumer
TB-115202,"Tracy Blumstein",Consumer
TB-115951,"Troy Blackwell",Consumer
TB-115952,"Troy Blackwell",Consumer
TB-116251,"Trudy Brown",Consumer
TB-116252,"Trudy Brown",Consumer
TB-210551,"Ted Butterfield",Consumer
TB-210552,"Ted Butterfield",Consumer
TB-210553,"Ted Butterfield",Consumer
TB-210554,"Ted Butterfield",Consumer
TB-211751,"Thomas Boland",Corporate
TB-211752,"Thomas Boland",Corporate
TB-211753,"Thomas Boland",Corporate
TB-211754,"Thomas Boland",Corporate
TB-211901,"Thomas Brumley","Home Office"
TB-211902,"Thomas Brumley","Home Office"
TB-211903,"Thomas Brumley","Home Office"
TB-211904,"Thomas Brumley","Home Office"
TB-212501,"Tim Brockman",Consumer
TB-212502,"Tim Brockman",Consumer
TB-212503,"Tim Brockman",Consumer
TB-212504,"Tim Brockman",Consumer
TB-212801,"Toby Braunhardt",Consumer
TB-212802,"Toby Braunhardt",Consumer
TB-212803,"Toby Braunhardt",Consumer
TB-212804,"Toby Braunhardt",Consumer
TB-213551,"Todd Boyes",Corporate
TB-213552,"Todd Boyes",Corporate
TB-213553,"Todd Boyes",Corporate
TB-213554,"Todd Boyes",Corporate
TB-214001,"Tom Boeckenhauer",Consumer
TB-214002,"Tom Boeckenhauer",Consumer
TB-214003,"Tom Boeckenhauer",Consumer
TB-214004,"Tom Boeckenhauer",Consumer
TB-215201,"Tracy Blumstein",Consumer
TB-215202,"Tracy Blumstein",Consumer
TB-215203,"Tracy Blumstein",Consumer
TB-215204,"Tracy Blumstein",Consumer
TB-215951,"Troy Blackwell",Consumer
TB-215952,"Troy Blackwell",Consumer
TB-215953,"Troy Blackwell",Consumer
TB-215954,"Troy Blackwell",Consumer
TB-216251,"Trudy Brown",Consumer
TB-216252,"Trudy Brown",Consumer
TB-216253,"Trudy Brown",Consumer
TB-216254,"Trudy Brown",Consumer
TC-109801,"Tamara Chand",Corporate
TC-109802,"Tamara Chand",Corporate
TC-111451,"Theresa Coyne",Corporate
TC-111452,"Theresa Coyne",Corporate
TC-112951,"Toby Carlisle",Consumer
TC-112952,"Toby Carlisle",Consumer
TC-112953,"Toby Carlisle",Consumer
TC-114751,"Tony Chapman","Home Office"
TC-114752,"Tony Chapman","Home Office"
TC-114753,"Tony Chapman","Home Office"
TC-115351,"Tracy Collins","Home Office"
TC-115352,"Tracy Collins","Home Office"
TC-209801,"Tamara Chand",Corporate
TC-209802,"Tamara Chand",Corporate
TC-209803,"Tamara Chand",Corporate
TC-209804,"Tamara Chand",Corporate
TC-211451,"Theresa Coyne",Corporate
TC-211452,"Theresa Coyne",Corporate
TC-211453,"Theresa Coyne",Corporate
TC-211454,"Theresa Coyne",Corporate
TC-212951,"Toby Carlisle",Consumer
TC-212952,"Toby Carlisle",Consumer
TC-212953,"Toby Carlisle",Consumer
TC-212954,"Toby Carlisle",Consumer
TC-214751,"Tony Chapman","Home Office"
TC-214752,"Tony Chapman","Home Office"
TC-214753,"Tony Chapman","Home Office"
TC-214754,"Tony Chapman","Home Office"
TC-215351,"Tracy Collins","Home Office"
TC-215352,"Tracy Collins","Home Office"
TC-215353,"Tracy Collins","Home Office"
TC-215354,"Tracy Collins","Home Office"
TD-109951,"Tamara Dahlen",Consumer
TD-109952,"Tamara Dahlen",Consumer
TD-109953,"Tamara Dahlen",Consumer
TD-209951,"Tamara Dahlen",Consumer
TD-209952,"Tamara Dahlen",Consumer
TD-209953,"Tamara Dahlen",Consumer
TD-209954,"Tamara Dahlen",Consumer
TG-113101,"Toby Gnade",Consumer
TG-113102,"Toby Gnade",Consumer
TG-113103,"Toby Gnade",Consumer
TG-116401,"Trudy Glocke",Consumer
TG-116402,"Trudy Glocke",Consumer
TG-116403,"Trudy Glocke",Consumer
TG-213101,"Toby Gnade",Consumer
TG-213102,"Toby Gnade",Consumer
TG-213103,"Toby Gnade",Consumer
TG-213104,"Toby Gnade",Consumer
TG-216401,"Trudy Glocke",Consumer
TG-216402,"Trudy Glocke",Consumer
TG-216403,"Trudy Glocke",Consumer
TG-216404,"Trudy Glocke",Consumer
TH-111001,"Thea Hendricks",Consumer
TH-111002,"Thea Hendricks",Consumer
TH-111151,"Thea Hudgings",Corporate
TH-111152,"Thea Hudgings",Corporate
TH-111153,"Thea Hudgings",Corporate
TH-112351,"Tiffany House",Corporate
TH-112352,"Tiffany House",Corporate
TH-115501,"Tracy Hopkins","Home Office"
TH-115502,"Tracy Hopkins","Home Office"
TH-115503,"Tracy Hopkins","Home Office"
TH-211001,"Thea Hendricks",Consumer
TH-211002,"Thea Hendricks",Consumer
TH-211003,"Thea Hendricks",Consumer
TH-211004,"Thea Hendricks",Consumer
TH-211151,"Thea Hudgings",Corporate
TH-211152,"Thea Hudgings",Corporate
TH-211153,"Thea Hudgings",Corporate
TH-211154,"Thea Hudgings",Corporate
TH-212351,"Tiffany House",Corporate
TH-212352,"Tiffany House",Corporate
TH-212353,"Tiffany House",Corporate
TH-212354,"Tiffany House",Corporate
TH-215501,"Tracy Hopkins","Home Office"
TH-215502,"Tracy Hopkins","Home Office"
TH-215503,"Tracy Hopkins","Home Office"
TH-215504,"Tracy Hopkins","Home Office"
TM-110101,"Tamara Manning",Consumer
TM-110102,"Tamara Manning",Consumer
TM-114901,"Tony Molinari",Consumer
TM-114902,"Tony Molinari",Consumer
TM-210101,"Tamara Manning",Consumer
TM-210102,"Tamara Manning",Consumer
TM-210103,"Tamara Manning",Consumer
TM-210104,"Tamara Manning",Consumer
TM-214901,"Tony Molinari",Consumer
TM-214902,"Tony Molinari",Consumer
TM-214903,"Tony Molinari",Consumer
TM-214904,"Tony Molinari",Consumer
TN-110401,"Tanja Norvell","Home Office"
TN-210401,"Tanja Norvell","Home Office"
TN-210402,"Tanja Norvell","Home Office"
TN-210403,"Tanja Norvell","Home Office"
TN-210404,"Tanja Norvell","Home Office"
TP-111301,"Theone Pippenger",Consumer
TP-111302,"Theone Pippenger",Consumer
TP-114151,"Tom Prescott",Consumer
TP-114152,"Tom Prescott",Consumer
TP-115651,"Tracy Poddar",Corporate
TP-115652,"Tracy Poddar",Corporate
TP-211301,"Theone Pippenger",Consumer
TP-211302,"Theone Pippenger",Consumer
TP-211303,"Theone Pippenger",Consumer
TP-211304,"Theone Pippenger",Consumer
TP-214151,"Tom Prescott",Consumer
TP-214152,"Tom Prescott",Consumer
TP-214153,"Tom Prescott",Consumer
TP-214154,"Tom Prescott",Consumer
TP-215651,"Tracy Poddar",Corporate
TP-215652,"Tracy Poddar",Corporate
TP-215653,"Tracy Poddar",Corporate
TP-215654,"Tracy Poddar",Corporate
TR-113251,"Toby Ritter",Consumer
TR-113252,"Toby Ritter",Consumer
TR-213251,"Toby Ritter",Consumer
TR-213252,"Toby Ritter",Consumer
TR-213253,"Toby Ritter",Consumer
TR-213254,"Toby Ritter",Consumer
TS-110851,"Thais Sissman",Consumer
TS-110852,"Thais Sissman",Consumer
TS-110853,"Thais Sissman",Consumer
TS-111601,"Theresa Swint",Corporate
TS-111602,"Theresa Swint",Corporate
TS-112051,"Thomas Seio",Corporate
TS-112052,"Thomas Seio",Corporate
TS-113401,"Toby Swindell",Consumer
TS-113402,"Toby Swindell",Consumer
TS-113403,"Toby Swindell",Consumer
TS-113701,"Todd Sumrall",Corporate
TS-113702,"Todd Sumrall",Corporate
TS-114301,"Tom Stivers",Corporate
TS-114302,"Tom Stivers",Corporate
TS-115051,"Tony Sayre",Consumer
TS-115052,"Tony Sayre",Consumer
TS-116101,"Troy Staebel",Consumer
TS-116102,"Troy Staebel",Consumer
TS-116551,"Trudy Schmidt",Consumer
TS-116552,"Trudy Schmidt",Consumer
TS-210851,"Thais Sissman",Consumer
TS-210852,"Thais Sissman",Consumer
TS-210853,"Thais Sissman",Consumer
TS-210854,"Thais Sissman",Consumer
TS-211601,"Theresa Swint",Corporate
TS-211602,"Theresa Swint",Corporate
TS-211603,"Theresa Swint",Corporate
TS-211604,"Theresa Swint",Corporate
TS-212051,"Thomas Seio",Corporate
TS-212052,"Thomas Seio",Corporate
TS-212053,"Thomas Seio",Corporate
TS-212054,"Thomas Seio",Corporate
TS-213401,"Toby Swindell",Consumer
TS-213402,"Toby Swindell",Consumer
TS-213403,"Toby Swindell",Consumer
TS-213404,"Toby Swindell",Consumer
TS-213701,"Todd Sumrall",Corporate
TS-213702,"Todd Sumrall",Corporate
TS-213703,"Todd Sumrall",Corporate
TS-213704,"Todd Sumrall",Corporate
TS-214301,"Tom Stivers",Corporate
TS-214302,"Tom Stivers",Corporate
TS-214303,"Tom Stivers",Corporate
TS-214304,"Tom Stivers",Corporate
TS-215051,"Tony Sayre",Consumer
TS-215052,"Tony Sayre",Consumer
TS-215053,"Tony Sayre",Consumer
TS-215054,"Tony Sayre",Consumer
TS-216101,"Troy Staebel",Consumer
TS-216102,"Troy Staebel",Consumer
TS-216103,"Troy Staebel",Consumer
TS-216104,"Troy Staebel",Consumer
TS-216551,"Trudy Schmidt",Consumer
TS-216552,"Trudy Schmidt",Consumer
TS-216553,"Trudy Schmidt",Consumer
TS-216554,"Trudy Schmidt",Consumer
TT-110701,"Ted Trevino",Consumer
TT-112201,"Thomas Thornton",Consumer
TT-112202,"Thomas Thornton",Consumer
TT-112651,"Tim Taslimi",Corporate
TT-112652,"Tim Taslimi",Corporate
TT-114601,"Tonja Turnell","Home Office"
TT-114602,"Tonja Turnell","Home Office"
TT-210701,"Ted Trevino",Consumer
TT-210702,"Ted Trevino",Consumer
TT-210703,"Ted Trevino",Consumer
TT-210704,"Ted Trevino",Consumer
TT-212201,"Thomas Thornton",Consumer
TT-212202,"Thomas Thornton",Consumer
TT-212203,"Thomas Thornton",Consumer
TT-212204,"Thomas Thornton",Consumer
TT-212651,"Tim Taslimi",Corporate
TT-212652,"Tim Taslimi",Corporate
TT-212653,"Tim Taslimi",Corporate
TT-212654,"Tim Taslimi",Corporate
TT-214601,"Tonja Turnell","Home Office"
TT-214602,"Tonja Turnell","Home Office"
TT-214603,"Tonja Turnell","Home Office"
TT-214604,"Tonja Turnell","Home Office"
TW-110251,"Tamara Willingham","Home Office"
TW-110252,"Tamara Willingham","Home Office"
TW-210251,"Tamara Willingham","Home Office"
TW-210252,"Tamara Willingham","Home Office"
TW-210253,"Tamara Willingham","Home Office"
TW-210254,"Tamara Willingham","Home Office"
TZ-114451,"Tom Zandusky",Corporate
TZ-114452,"Tom Zandusky",Corporate
TZ-114453,"Tom Zandusky",Corporate
TZ-115801,"Tracy Zic",Consumer
TZ-115802,"Tracy Zic",Consumer
TZ-214451,"Tom Zandusky",Corporate
TZ-214452,"Tom Zandusky",Corporate
TZ-214453,"Tom Zandusky",Corporate
TZ-215801,"Tracy Zic",Consumer
TZ-215802,"Tracy Zic",Consumer
TZ-215803,"Tracy Zic",Consumer
TZ-215804,"Tracy Zic",Consumer
VB-117451,"Victoria Brennan",Corporate
VB-117452,"Victoria Brennan",Corporate
VB-217451,"Victoria Brennan",Corporate
VB-217452,"Victoria Brennan",Corporate
VB-217453,"Victoria Brennan",Corporate
VB-217454,"Victoria Brennan",Corporate
VD-116701,"Valerie Dominguez",Consumer
VD-116702,"Valerie Dominguez",Consumer
VD-216701,"Valerie Dominguez",Consumer
VD-216702,"Valerie Dominguez",Consumer
VD-216703,"Valerie Dominguez",Consumer
VD-216704,"Valerie Dominguez",Consumer
VF-117151,"Vicky Freymann","Home Office"
VF-117152,"Vicky Freymann","Home Office"
VF-217151,"Vicky Freymann","Home Office"
VF-217152,"Vicky Freymann","Home Office"
VF-217153,"Vicky Freymann","Home Office"
VF-217154,"Vicky Freymann","Home Office"
VG-117901,"Vivek Gonzalez",Consumer
VG-117902,"Vivek Gonzalez",Consumer
VG-118051,"Vivek Grady",Corporate
VG-118052,"Vivek Grady",Corporate
VG-217901,"Vivek Gonzalez",Consumer
VG-217902,"Vivek Gonzalez",Consumer
VG-217903,"Vivek Gonzalez",Consumer
VG-217904,"Vivek Gonzalez",Consumer
VG-218051,"Vivek Grady",Corporate
VG-218052,"Vivek Grady",Corporate
VG-218053,"Vivek Grady",Corporate
VG-218054,"Vivek Grady",Corporate
VM-116851,"Valerie Mitchum","Home Office"
VM-116852,"Valerie Mitchum","Home Office"
VM-118351,"Vivian Mathis",Consumer
VM-118352,"Vivian Mathis",Consumer
VM-216851,"Valerie Mitchum","Home Office"
VM-216852,"Valerie Mitchum","Home Office"
VM-216853,"Valerie Mitchum","Home Office"
VM-216854,"Valerie Mitchum","Home Office"
VM-218351,"Vivian Mathis",Consumer
VM-218352,"Vivian Mathis",Consumer
VM-218353,"Vivian Mathis",Consumer
VM-218354,"Vivian Mathis",Consumer
VP-117301,"Victor Preis","Home Office"
VP-117302,"Victor Preis","Home Office"
VP-117601,"Victoria Pisteka",Corporate
VP-117602,"Victoria Pisteka",Corporate
VP-217301,"Victor Preis","Home Office"
VP-217302,"Victor Preis","Home Office"
VP-217303,"Victor Preis","Home Office"
VP-217304,"Victor Preis","Home Office"
VP-217601,"Victoria Pisteka",Corporate
VP-217602,"Victoria Pisteka",Corporate
VP-217603,"Victoria Pisteka",Corporate
VP-217604,"Victoria Pisteka",Corporate
VS-118201,"Vivek Sundaresam",Consumer
VS-118202,"Vivek Sundaresam",Consumer
VS-218201,"Vivek Sundaresam",Consumer
VS-218202,"Vivek Sundaresam",Consumer
VS-218203,"Vivek Sundaresam",Consumer
VS-218204,"Vivek Sundaresam",Consumer
VT-117001,"Valerie Takahito","Home Office"
VT-117002,"Valerie Takahito","Home Office"
VT-217001,"Valerie Takahito","Home Office"
VT-217002,"Valerie Takahito","Home Office"
VT-217003,"Valerie Takahito","Home Office"
VT-217004,"Valerie Takahito","Home Office"
VW-117751,"Victoria Wilson",Corporate
VW-117752,"Victoria Wilson",Corporate
VW-217751,"Victoria Wilson",Corporate
VW-217752,"Victoria Wilson",Corporate
VW-217753,"Victoria Wilson",Corporate
VW-217754,"Victoria Wilson",Corporate
WB-118501,"William Brown",Consumer
WB-118502,"William Brown",Consumer
WB-218501,"William Brown",Consumer
WB-218502,"William Brown",Consumer
WB-218503,"William Brown",Consumer
WB-218504,"William Brown",Consumer
XP-118651,"Xylona Preis",Consumer
XP-118652,"Xylona Preis",Consumer
XP-218651,"Xylona Preis",Consumer
XP-218652,"Xylona Preis",Consumer
XP-218653,"Xylona Preis",Consumer
XP-218654,"Xylona Preis",Consumer
YC-118951,"Yoseph Carroll",Corporate
YC-118952,"Yoseph Carroll",Corporate
YC-218951,"Yoseph Carroll",Corporate
YC-218952,"Yoseph Carroll",Corporate
YC-218953,"Yoseph Carroll",Corporate
YC-218954,"Yoseph Carroll",Corporate
YS-118801,"Yana Sorensen",Corporate
YS-118802,"Yana Sorensen",Corporate
YS-218801,"Yana Sorensen",Corporate
YS-218802,"Yana Sorensen",Corporate
YS-218803,"Yana Sorensen",Corporate
YS-218804,"Yana Sorensen",Corporate
ZC-119101,"Zuschuss Carroll",Consumer
ZC-219101,"Zuschuss Carroll",Consumer
ZC-219102,"Zuschuss Carroll",Consumer
ZC-219103,"Zuschuss Carroll",Consumer
ZC-219104,"Zuschuss Carroll",Consumer
ZD-119251,"Zuschuss Donatelli",Consumer
ZD-119252,"Zuschuss Donatelli",Consumer
ZD-219251,"Zuschuss Donatelli",Consumer
ZD-219252,"Zuschuss Donatelli",Consumer
ZD-219253,"Zuschuss Donatelli",Consumer
ZD-219254,"Zuschuss Donatelli",Consumer
